Quarter,Middle East & North Africa,Algeria,20539.02985074627,18037.102081268582,2501.9277694776865,0.08142820372854877,2.2430566161951218,0.4549243689827765,0.8285575384379619
Quarter,Northern & Western Europe,Jersey,784.0419580419581,773.561872909699,10.480085132259092,0.0007685933138839896,0.08603357336105899,0.017365951342891626,0.005725683524931177
Quarter,Latin America & Caribbean,Barbados,801.3742331288344,520.6337078651685,280.74052526366586,0.0021414317424986234,0.6904763745767085,0.0177498484580052,0.08891174258656794
Quarter,Middle East & North Africa,Morocco,19588.14855433699,16629.108108108107,2959.0404462288825,0.07765837835274758,4.525835300138589,0.4338630492958197,0.9654764764065
Quarter,Central & Eastern Europe & Central Asia,North Macedonia,3933.0162703379224,3391.8198198198197,541.1964505181027,0.006572785522145075,0.3682245986020511,0.0871134108078363,0.17879323055348417
Quarter,"East, Southeast Asia, & Pacific",Singapore,19793.429549902154,19552.499503475672,240.93004642648157,0.02696245585991166,0.22996806081919435,0.4384098720060582,0.13639736954030118
Quarter,Central & Eastern Europe & Central Asia,Albania,3274.721174004193,6944.624501992032,-3669.9033279878386,0.0054726546858926035,11.160420136773455,0.07253265974606224,1.1161937465888774
Quarter,Latin America & Caribbean,United States Virgin Islands,449.30288461538464,354.57142857142856,94.73145604395609,0.0012006268973173972,0.2692737874046109,0.00995172764980272,0.030576207638585737
Quarter,Sub-Saharan Africa,Democratic Republic of the Congo,3503.628787878788,3177.260759493671,326.3680283851172,0.03164069670789045,1.7964339032656405,0.07760279463334707,0.11144600482008063
Quarter,Sub-Saharan Africa,Comoros,236.15510204081633,207.30051813471502,28.85458390610131,0.002132677978199355,0.20890437158876665,0.0052306614070224975,0.009630986162763835
Quarter,Sub-Saharan Africa,Niger,825.9613733905579,733.9402985074627,92.02107488309525,0.007459121639340587,0.6223143629602368,0.018294435488158876,0.03093968175970977
Quarter,Sub-Saharan Africa,São Tomé and Príncipe,121.62,103.92682926829268,17.693170731707326,0.0010983302645893112,0.13965934710395358,0.00269379333677121,0.005831829230133666
Quarter,Central & Eastern Europe & Central Asia,Romania,22157.793542074363,19570.903865213084,2586.8896768612794,0.03702970305371069,0.5328277386533787,0.4907787913270191,0.8590465107422594
Quarter,Latin America & Caribbean,Cuba,3754.9720853858785,3258.128712871287,496.84337251459147,0.010034034142134492,1.673675093235437,0.08316986337258982,0.16461151897118023
Quarter,Middle East & North Africa,Syria,4589.754050073638,3894.9591527987895,694.7948972748482,0.018196352533162544,1.7454417856759583,0.10165966845508173,0.22801509270988932
Quarter,"East, Southeast Asia, & Pacific",Norfolk Island,36.87096774193548,36.30434782608695,0.566619915848527,5.0225345625315166e-05,1.9416207170339188e-05,0.0008166647527012992,0.00029202814719215083
Quarter,Northern & Western Europe,Luxembourg,2380.9481409001955,2273.7094527363183,107.23868816387721,0.002334034298841024,0.5642415384715589,0.05273624598877444,0.04055793918393736
Quarter,Sub-Saharan Africa,Central African Republic,202.91836734693877,172.81165919282512,30.106708154113647,0.001832522480662673,0.239191848672487,0.004494492237030721,0.009910262666497912
Quarter,Middle East & North Africa,Kuwait,5743.260925449871,4980.349551856594,762.911373593277,0.022769499051424454,0.7488090169695714,0.12720899533230814,0.2524928763828413
Quarter,"East, Southeast Asia, & Pacific",Vietnam,47310.51859099804,41992.32838773492,5318.190203263126,0.06444602063544973,14.07925176152323,1.0478931075449842,1.7537347247098025
Quarter,Central & Eastern Europe & Central Asia,Hungary,19511.51948051948,18520.841093117408,990.678387402073,0.032607297794268034,2.9051543984204256,0.4321657718048433,0.364288513587108
Quarter,Sub-Saharan Africa,French Southern and Antarctic Lands,1.4,7.8,-6.4,1.2643170287987464e-05,0.07264903690019966,3.100896786284899e-05,0.0019647018102891423
Quarter,Northern & Western Europe,Åland,279.662447257384,322.6127659574468,-42.95031870006284,0.0002741520206944796,0.15797076784025588,0.006194317028178515,0.012320731897757828
Quarter,Sub-Saharan Africa,Ivory Coast,3217.7661574618096,2971.430538172716,246.33561928909376,0.029059118196937676,1.0957801022361096,0.07127114811921166,0.0859544548060286
Quarter,Latin America & Caribbean,Antigua and Barbuda,313.6733870967742,277.43426294820716,36.23912414856704,0.0008381978358394531,0.1316102946038328,0.006947634271367758,0.012149914634835566
Quarter,Middle East & North Africa,Jordan,7552.5129358830145,6723.823815309842,828.6891205731727,0.02994238610463079,1.3324230268409532,0.1672825935089626,0.27824375579679544
Quarter,Middle East & North Africa,Iraq,13026.02875399361,11480.148387096775,1545.8803668968358,0.05164246465689746,1.2692557421336486,0.28851693358081054,0.5145470869816844
Quarter,Sub-Saharan Africa,Liberia,968.4422535211268,848.8529411764706,119.58931234465615,0.008745843089535667,0.8566117188441916,0.021450281940329767,0.039871618194294
Quarter,Northern & Western Europe,Faroe Islands,455.63786008230454,448.16606498194943,7.471795100355109,0.0004466600406006932,0.055602127906761785,0.010092042685992475,0.003752745434135912
Quarter,Central & Eastern Europe & Central Asia,Slovenia,5673.508639308855,5675.129716981132,-1.6210776722773517,0.009481464830301921,1.650934623597577,0.1256640336185174,0.01758980083524889
Quarter,Sub-Saharan Africa,Seychelles,171.54285714285714,207.02407221664996,-35.48121507379281,0.001549175396103607,0.48064634281819346,0.0037995478173172515,0.010368534572046909
Quarter,Middle East & North Africa,Lebanon,4551.971467391304,4171.875891583452,380.0955758078517,0.01804656124007788,2.2788557478384215,0.10082281210353036,0.13124090383937623
Quarter,Latin America & Caribbean,Curaçao,638.5325077399381,581.0748502994012,57.45765744053688,0.0017062861821160189,0.23683835856252122,0.014143024294208651,0.019711961282283315
Quarter,North America,Canada,94091.89051808407,101767.88252714709,-7675.9920090630185,0.0993624524366641,4.160168586957479,2.0840660065928387,1.966224282933667
Quarter,Sub-Saharan Africa,Equatorial Guinea,410.60076045627375,295.13991769547323,115.46084276080052,0.003708068096304156,1.091551621315486,0.009094504132464248,0.036830424722579906
Quarter,Northern & Western Europe,Isle of Man,891.3342981186686,1060.023653088042,-168.68935496937343,0.0008737715819193768,0.6311284701998874,0.019742397575297752,0.04903614656011589
Quarter,"East, Southeast Asia, & Pacific",Palau,115.984375,106.82608695652173,9.158288043478265,0.00015799301396924418,0.02608962152586271,0.0025689683978340184,0.0031879299357367727
Quarter,Latin America & Caribbean,Anguilla,120.14166666666667,111.7948717948718,8.34679487179487,0.00032104248921530705,0.039983113914240066,0.0026610493433255585,0.0029515233156102738
Quarter,Central & Eastern Europe & Central Asia,Bosnia and Herzegovina,8091.236536430834,7002.365384615385,1088.8711518154496,0.013521927881151249,0.6626884898026983,0.17921492409206666,0.35970062968738536
Quarter,Sub-Saharan Africa,"Saint Helena, Ascension, and Tristan da Cunha",39.28,41.323076923076925,-2.0430769230769243,0.0003547312349372483,0.04199764915994998,0.000870023041180506,0.0005032291694017549
Quarter,Sub-Saharan Africa,Republic of the Congo,897.26,742.8916478555304,154.36835214446955,0.008103007837571166,1.2778475223069732,0.019873647503299917,0.050343016136549
Quarter,Middle East & North Africa,Bahrain,2604.693522906793,2302.5805422647527,302.1129806420404,0.010326462173478922,0.1758234255174525,0.05769204124599119,0.10116463514986325
Quarter,Central & Eastern Europe & Central Asia,Poland,57207.95405669599,53123.2152023692,4084.738854326788,0.09560489617376665,5.791284056309956,1.2671140063167339,1.4067268841225051
Quarter,Latin America & Caribbean,Saint Vincent and the Grenadines,253.20197044334975,190.0,63.20197044334975,0.0006766061527254236,0.1704067096871381,0.005608236974491337,0.02025249281898635
Quarter,Latin America & Caribbean,Guyana,692.34335839599,563.7919621749409,128.55139622104912,0.0018500795047885197,0.38169484717611474,0.015334894964684424,0.04175188300220482
Quarter,Latin America & Caribbean,Nicaragua,2828.9667170953103,2980.3503086419755,-151.38359154666523,0.007559563155415416,0.28392126623102415,0.06265952715391278,0.03749444665878023
Quarter,Latin America & Caribbean,Bahamas,1369.64039408867,4120.326368159204,-2750.685974070534,0.0036599522351229304,4.85847145300206,0.030336524974253855,0.8409516102868284
Quarter,"East, Southeast Asia, & Pacific",Papua New Guinea,890.4937027707808,880.3396674584324,10.15403531234847,0.001213023599268332,0.012021216274991359,0.019723779008063245,0.00596492125165904
Quarter,Central & Eastern Europe & Central Asia,Lithuania,5894.377339901478,5375.22032193159,519.1570179698883,0.009850576600446075,0.2689524743843179,0.1305561125032216,0.17813199981691533
Quarter,Northern & Western Europe,Gibraltar,306.6958333333333,299.7049180327869,6.990915300546419,0.0003006527450198827,0.045361928468919885,0.006793086599645016,0.0031296120851850026
Quarter,Sub-Saharan Africa,Zimbabwe,1983.0608695652174,1745.6654343807763,237.3954351844411,0.017908697332398246,1.6323733943869638,0.04392333626744371,0.07931014644777258
Quarter,"East, Southeast Asia, & Pacific",Malaysia,38793.22057368942,38381.0562248996,412.1643487898182,0.05284382348924915,0.6724719868279355,0.859241235761391,0.24744576378253313
Quarter,Sub-Saharan Africa,Western Sahara,25.1875,11.090909090909092,14.096590909090908,0.00022746417973477448,0.14627124202027803,0.0005578845557467921,0.004417652503904487
Quarter,"East, Southeast Asia, & Pacific",Tonga,102.63194444444444,108.58389261744966,-5.951948173005221,0.00013980443686748153,0.026517018031082938,0.0022732219049853434,0.0015036374088131862
Quarter,"East, Southeast Asia, & Pacific",Vanuatu,122.67175572519083,141.76190476190476,-19.090149036713925,0.000167102512005792,0.07395312608955407,0.0027170889506869314,0.005481825718170799
Quarter,Northern & Western Europe,Israel,24528.87536800785,22571.285573122528,1957.5897948853235,0.024045562117653418,8.891572424981563,0.5432965057131312,0.6739743257543999
Quarter,"East, Southeast Asia, & Pacific",Cook Islands,80.21551724137932,80.36363636363636,-0.14811912225704305,0.0001092689539954618,0.004831379630924163,0.0017767145687426716,0.00021047154646117202
Quarter,Northern & Western Europe,Malta,1148.1211750305997,1478.5085803432137,-330.38740531261396,0.0011254987690466494,1.2685640036818497,0.025430037585128774,0.09793234436158693
Quarter,Sub-Saharan Africa,Gambia,543.4986807387863,475.14956011730203,68.3491206214843,0.004908247408483578,0.499120831449075,0.012038095088949891,0.02275984584292091
Quarter,"East, Southeast Asia, & Pacific",Laos,1437.660855784469,1205.1601941747572,232.50066160971187,0.001958370441458094,0.7406610459011088,0.031843128053354694,0.07608275202396826
Quarter,"East, Southeast Asia, & Pacific",Japan,219207.2808219178,230064.0909990109,-10856.81017709308,0.2986024538310207,22.712954764217102,4.855279661649544,2.3453779971925743
Quarter,Northern & Western Europe,Netherlands,58172.290322580644,57028.39822134387,1143.8921012367719,0.05702607231239669,7.173888977137391,1.2884733436580174,0.5263866414988082
Quarter,Central & Eastern Europe & Central Asia,Belarus,10180.367529880477,8839.865778688525,1340.5017511919523,0.017013245740975555,0.7362924459470385,0.22548763540432504,0.4431538161438201
Quarter,"East, Southeast Asia, & Pacific",South Korea,68386.53665689149,62641.40356083086,5745.133096060628,0.09315560860107654,13.278702336695464,1.5147113696036374,1.9319259645894897
Quarter,Central & Eastern Europe & Central Asia,Slovakia,10364.115,9971.230360934183,392.8846390658164,0.017320321183414193,1.9094695014034653,0.22955750640133651,0.15335237943377994
Quarter,Sub-Saharan Africa,Djibouti,432.61560693641616,359.9189189189189,72.69668801749725,0.003906880562670115,0.602556497359186,0.009582116751755885,0.023744467244873578
Quarter,Northern & Western Europe,United Kingdom,171061.8044965787,179621.31786771966,-8559.513371140958,0.16769122857320928,14.907774969233154,3.7888928558538324,1.9056046007438523
Quarter,Sub-Saharan Africa,Chad,728.6041666666666,577.262599469496,151.34156719717066,0.0065799046797884765,1.3302226857792694,0.016138045134931812,0.04887731324898495
Quarter,Sub-Saharan Africa,Kenya,7325.806122448979,6996.5633958103635,329.24272663861575,0.06615815307350258,0.10410419571798275,0.16226120472891625,0.12433095120311562
Quarter,Latin America & Caribbean,Dominican Republic,7990.830548926015,6394.968181818182,1595.862367107833,0.021353092573974553,4.49281790582615,0.17699100549222768,0.5149341496953193
Quarter,Sub-Saharan Africa,Namibia,1049.7838427947597,998.6083499005964,51.17549289416331,0.009480425635737151,0.06046073836873776,0.023251938174400587,0.019088928819770753
Quarter,Northern & Western Europe,Sweden,31403.80294117647,33189.05064548163,-1785.2477043051585,0.03078502715772632,5.068698844753792,0.6955710829815598,0.44196240251056795
Quarter,Middle East & North Africa,Palestine,3550.7914764079146,3065.266757865937,485.52471854197756,0.014077323702221149,0.704940893687931,0.07864741341400795,0.16049661072009064
Quarter,Sub-Saharan Africa,Nigeria,18498.154915590865,18350.314459049547,147.84045654131842,0.16705380186527694,6.318667973060162,0.40972049378539943,0.10392737284353132
Quarter,Northern & Western Europe,Finland,20665.99901768173,21058.52095808383,-392.5219404021009,0.02025879929868913,0.3929529972058674,0.45773664242354395,0.0540007524301491
Quarter,Northern & Western Europe,Spain,83126.72423945044,81661.32475247525,1465.3994869751914,0.08148880783762935,9.24731040004562,1.8411956574893065,0.6950970273435071
Quarter,Middle East & North Africa,British Indian Ocean Territory,40.55,51.83720930232558,-11.287209302325586,0.0001607628834072063,0.2174362854280654,0.0008981526048846618,0.0033433834400613946
Quarter,"East, Southeast Asia, & Pacific",Niue,15.0,2.6,12.4,2.043288339087625e-05,0.0429657157704291,0.00033223894138766774,0.0038631409441671474
Quarter,Middle East & North Africa,Oman,4395.129395218003,3367.1875862068964,1027.9418090111067,0.017424751529544195,6.408253873103558,0.09734887583526998,0.3297583205464543
Quarter,Sub-Saharan Africa,South Africa,18196.873031496063,20197.33768844221,-2000.4646569461474,0.164332974604351,21.65331649693271,0.4030473221700035,0.5524766628663871
Quarter,Sub-Saharan Africa,Sudan,2323.6740331491715,2052.607843137255,271.06619001191666,0.020984718924914002,1.820654089691963,0.05146766672689954,0.09073598747656568
Quarter,Sub-Saharan Africa,Burundi,543.3995271867612,502.74938574938574,40.65014143737551,0.004907351969024355,0.19053273835436937,0.012035898910872582,0.014238837483357593
Quarter,Northern & Western Europe,Austria,23102.08644400786,25795.538005923,-2693.4515619151425,0.022646886426815657,9.115894643700955,0.5116941829335707,0.746478808163434
Quarter,Sub-Saharan Africa,Tanzania,4305.025125628141,4214.405013192612,90.62011243552843,0.038877975540986584,1.0653028361920578,0.09535313269240032,0.04155893178665355
Quarter,Central & Eastern Europe & Central Asia,Turkey,72934.11459353575,65017.69930761622,7916.415285919531,0.12188617069455285,1.8116912415138082,1.615436868240211,2.5911734338569667
Quarter,Central & Eastern Europe & Central Asia,Armenia,5864.014373716633,4811.994708994709,1052.0196647219236,0.009799834561554895,1.221963695156966,0.12988359518704543,0.34162546428121005
Quarter,Middle East & North Africa,Libya,2279.5821812596005,2831.857350800582,-552.2751695409816,0.009037538950011892,10.910653120592364,0.050491064713858676,0.16246276805783683
Quarter,Sub-Saharan Africa,South Sudan,507.76044568245123,482.3578947368421,25.402550945609107,0.004585501271619744,0.03800580038188882,0.011246519530137864,0.009434843063989297
Quarter,Sub-Saharan Africa,Ghana,4980.060908084164,4861.305103148751,118.75580493541293,0.0449741129324697,1.0895970935566135,0.11030467760986601,0.05233939554603322
Quarter,Central & Eastern Europe & Central Asia,Azerbaijan,10501.12759643917,8651.5,1849.6275964391698,0.0175492941518249,2.036720859820793,0.23259223440118493,0.6001529973283138
Quarter,Central & Eastern Europe & Central Asia,Serbia,18171.413065326633,15801.204498977506,2370.208566349127,0.030367736236808093,1.1447815849587284,0.402483402689477,0.7816150922444344
Quarter,Sub-Saharan Africa,Mauritius,1611.750418760469,1828.389097744361,-216.63867898389185,0.014555453575802655,3.1268642372130206,0.03569908352734056,0.06146298892206362
Quarter,Sub-Saharan Africa,Ethiopia,2935.5137614678897,2057.85764294049,877.6561185273995,0.026510143120692248,8.021390929532286,0.06501946563593482,0.279108877278696
Quarter,Sub-Saharan Africa,Senegal,2505.6390449438204,1936.6220472440946,569.0169976997258,0.022628015089610713,4.9449191512608435,0.05549805758611611,0.18290028029887725
Quarter,"East, Southeast Asia, & Pacific",United States Minor Outlying Islands,2.5,4.478260869565218,-1.9782608695652177,3.4054805651460416e-06,0.00711757877029868,5.537315689794463e-05,0.0006006973488013657
Quarter,South Asia,Bhutan,1213.5806451612902,1048.12375,165.45689516129028,0.002538471526624553,1.0891667905627016,0.026879916589129995,0.0547558444917911
Quarter,Latin America & Caribbean,Bolivia,6001.312295973885,8876.201588877855,-2874.8892929039703,0.016036703098213655,4.0501991084384725,0.1329246429434105,0.8625401588548086
Quarter,Latin America & Caribbean,Haiti,2088.238586156112,1682.8245614035088,405.41402475260315,0.005580189890615343,1.1785238105830753,0.046252945148625775,0.131298712353485
Quarter,Latin America & Caribbean,Brazil,100174.83284457478,102497.4017769003,-2322.568932325521,0.2676871279169002,13.061623949474367,2.218798694531206,0.3701296518124924
Quarter,"East, Southeast Asia, & Pacific",Solomon Islands,182.625,213.93478260869566,-31.309782608695656,0.0002487703552839183,0.12027227350256887,0.004045009111394855,0.009049750527578667
Quarter,Latin America & Caribbean,Puerto Rico,4271.0595111583425,7134.729890764647,-2863.670379606305,0.01141312265005746,4.415198835215829,0.09460081937273183,0.8652806571855027
Quarter,Sub-Saharan Africa,Uganda,2833.972303206997,2866.089393939394,-32.11709073239717,0.025593138872061504,1.6790809207129398,0.06277039719596421,0.0008291205714720121
Quarter,Northern & Western Europe,France,151997.82600195502,152551.94274432378,-554.1167423687584,0.14900288382749124,5.654729627373906,3.366639786941097,0.3099011999210611
Quarter,Sub-Saharan Africa,Madagascar,1140.1197718631179,1012.0773480662983,128.04242379681955,0.010296234588833442,0.8639141165440533,0.025252812403930104,0.04301631488068968
Quarter,Sub-Saharan Africa,Eritrea,120.39473684210526,71.69565217391305,48.699084668192214,0.0010872651140515536,0.48838541156152915,0.0026666546611378594,0.01536756561448907
Quarter,Middle East & North Africa,Qatar,3320.038159371493,3491.5868673050613,-171.5487079335685,0.013162488471578674,7.519622296716438,0.07353639756241638,0.04211403263389853
Quarter,"East, Southeast Asia, & Pacific",Pitcairn Islands,0.625,3.0,-2.375,8.513701412865104e-07,0.008417388003448122,1.3843289224486157e-05,0.0007287527985738552
Quarter,Sub-Saharan Africa,Togo,1024.8419047619047,818.866785079929,205.9751196819758,0.009255179085835853,1.7840634992856388,0.022699492635187748,0.06662010168935678
Quarter,Latin America & Caribbean,Dominica,219.34972677595627,205.25242718446603,14.097299591490241,0.0005861462076119899,0.07081792314446798,0.004858434734514524,0.005037234707842525
Quarter,Sub-Saharan Africa,Sierra Leone,863.8463476070528,771.9931034482759,91.85324415877699,0.007801254625322844,0.6016385844831098,0.0191335597367047,0.031008474392697327
Quarter,Sub-Saharan Africa,Benin,1428.1713286713286,1065.9390934844193,362.2322351869093,0.012897580934866374,3.294769397153273,0.03163294202386541,0.11594925652277915
Quarter,Latin America & Caribbean,Saint Lucia,378.2158273381295,304.37919463087246,73.83663270725702,0.0010106681057301232,0.21557410064036,0.008377201739392071,0.023922082587623014
Quarter,Sub-Saharan Africa,Lesotho,500.09615384615387,580.8859315589353,-80.78977771278147,0.004516286309603215,1.140648248696055,0.011076761116392693,0.02325565940224425
Quarter,Central & Eastern Europe & Central Asia,Cyprus,2639.927152317881,2974.6339285714284,-334.70677625354756,0.004411798419735954,1.7094245771359644,0.05847244016177687,0.09443522657896312
Quarter,Latin America & Caribbean,Venezuela,12764.014084507042,12411.471698113208,352.542386393834,0.034107990739288725,3.1192901540370612,0.28271350181959337,0.14850162160593416
Quarter,Sub-Saharan Africa,Mauritania,1233.583864118896,1036.1456102783725,197.43825384052343,0.01114029347040628,1.5817457759359295,0.02732297314185137,0.06465481221585453
Quarter,Sub-Saharan Africa,Eswatini,410.50588235294117,462.33561643835617,-51.829734085415,0.00370721126772056,0.7763569359884573,0.009092402652423443,0.014633885582469286
Quarter,Northern & Western Europe,Saint Pierre and Miquelon,103.97297297297297,88.90425531914893,15.068717653824038,0.00010192430523902042,0.06672219318068617,0.002302924698231275,0.004968074779465836
Quarter,Latin America & Caribbean,Chile,20810.427995971804,24254.73611111111,-3444.3081151393053,0.055609613141119806,1.8223419985437317,0.46093563781373037,0.9831634890367407
Quarter,Latin America & Caribbean,French Guiana,527.1051136363636,477.3692307692308,49.73588286713283,0.0014085299667886701,0.19993280198294144,0.011674989663638117,0.016981869532968007
Quarter,"East, Southeast Asia, & Pacific",Brunei,1559.7604422604422,1462.8503067484662,96.91013551197602,0.002124693548960612,0.25705860172501316,0.03454754387699799,0.03477495429697282
Quarter,Sub-Saharan Africa,Botswana,757.2463414634146,799.8926829268293,-42.646341463414615,0.00683856746076961,0.8370965826382047,0.016772448190499282,0.010700365579426939
Quarter,Central & Eastern Europe & Central Asia,Croatia,11180.121951219513,11849.6012145749,-669.4792633553861,0.018684017213709166,5.027247514595818,0.24763145877721315,0.16934827514831458
Quarter,"East, Southeast Asia, & Pacific",Nauru,42.50819672131148,57.15625,-14.648053278688522,5.790433511753237e-05,0.05398451955993531,0.0009415252185991503,0.004371181184152159
Quarter,Central & Eastern Europe & Central Asia,Uzbekistan,13724.106557377048,8658.31551901336,5065.791038363688,0.02293547818884404,9.839806561885144,0.3039788422743,1.5946882871284813
Quarter,Sub-Saharan Africa,Cameroon,2793.206974128234,2349.644591611479,443.56238251675495,0.02522499387392676,3.4277279147084947,0.06186747521073434,0.14523344284714074
Quarter,Central & Eastern Europe & Central Asia,Greece,20058.12230919765,21907.949354518372,-1849.8270453207224,0.03352077053675195,10.49700592933459,0.4442726214821459,0.5001810996442627
Quarter,Latin America & Caribbean,"Bonaire, Sint Eustatius, and Saba",233.24242424242425,216.24223602484471,17.000188217579534,0.0006232702654039028,0.07909752111738028,0.0051661477411330875,0.005974635203444222
Quarter,Central & Eastern Europe & Central Asia,Georgia,6746.896833503575,5277.6122448979595,1469.2845886056157,0.011275291729939518,2.118017230734654,0.1494387907743357,0.47238727096149413
Quarter,Northern & Western Europe,Vatican City,31.50485436893204,21.530864197530864,9.973990171401176,3.088408748343303e-05,0.04208688513485015,0.000697809297607108,0.003169359744830717
Quarter,Central & Eastern Europe & Central Asia,Kosovo,2442.2060606060604,1866.4023178807947,575.8037427252657,0.004081370514103489,0.9062297786887278,0.05409306374842026,0.184789348511754
Quarter,Sub-Saharan Africa,Guinea-Bissau,301.336917562724,251.75352112676057,49.58339643596344,0.002721324259144829,0.40903138174752235,0.006674390566137488,0.01621594977949625
Quarter,"East, Southeast Asia, & Pacific",Macao,1697.23677581864,2223.69109947644,-526.4543236577999,0.002311962741800603,1.9392879467687127,0.037592543312146884,0.15642652382612887
Quarter,"East, Southeast Asia, & Pacific",Indonesia,87351.53372434017,80408.24505928854,6943.28866505163,0.11898958017357579,14.69702007588558,1.934772072877596,2.3312568104273286
Quarter,Central & Eastern Europe & Central Asia,Turkmenistan,1248.9554896142433,1051.2280876494024,197.72740196484096,0.0020872317823477475,0.19267964445045482,0.0276634433139835,0.06479236749630927
Quarter,Central & Eastern Europe & Central Asia,Montenegro,2316.017964071856,3063.713876967096,-747.6959128952399,0.0038704872537868966,2.7747787247915245,0.05129809044120366,0.22239342107752544
Quarter,Latin America & Caribbean,Turks and Caicos Islands,245.28780487804877,202.45023696682463,42.83756791122414,0.0006554579242744592,0.1303374743942055,0.005432944041865849,0.013962037957520096
Quarter,Middle East & North Africa,Egypt,35247.05771144279,29677.693467336685,5569.364244106102,0.13973905374381626,5.216181892142814,0.7806963427386521,1.8008518877115072
Quarter,Latin America & Caribbean,Honduras,3356.5656292286876,3482.3376623376626,-125.77203310897494,0.00896941265025002,0.43701267944085853,0.07434545409021133,0.027933678973460843
Quarter,Latin America & Caribbean,Costa Rica,4886.942946058091,8145.651093439364,-3258.7081473812723,0.013058885993388435,4.9961932879017406,0.10824218340135137,0.984203835016603
Quarter,"East, Southeast Asia, & Pacific",Wallis and Futuna,72.61904761904762,94.67647058823529,-22.05742296918767,9.892110213043263e-05,0.08174630489135684,0.0016084583670355345,0.006554660237373721
Quarter,Northern & Western Europe,Portugal,17424.803553800593,17446.40832507433,-21.60477127373815,0.01708146786001013,0.8715869416606141,0.38594655244018533,0.04881096809078281
Quarter,Latin America & Caribbean,Falkland Islands,88.2,91.11538461538461,-2.9153846153846104,0.0002356879868110432,0.012259473235060738,0.0019535649753594864,0.0006154512489884895
Quarter,Middle East & North Africa,Saudi Arabia,35558.07,32066.722054380665,3491.3479456193345,0.14097208043391568,15.504185580803226,0.7875850356392391,1.1709219880398278
Quarter,South Asia,Afghanistan,2488.905296950241,2253.4616588419403,235.44363810830055,0.005206094258312369,1.3440388060349113,0.055127417404860456,0.0803070788186955
Quarter,Latin America & Caribbean,Suriname,842.4427860696518,727.0287769784172,115.41400909123456,0.0022511751049007094,0.38689483119903,0.01865948662823057,0.03818735601717159
Quarter,Northern & Western Europe,Svalbard and Jan Mayen,3.4545454545454546,4.142857142857143,-0.6883116883116887,3.3864776133956263e-06,0.0025904616528269237,7.651563498625075e-05,0.00020075490178016867
Quarter,Northern & Western Europe,Iceland,1911.0415430267062,1893.4920634920634,17.549479534642842,0.0018733866695004927,0.1771501728146671,0.0423281612802032,0.011492679220499218
Quarter,"East, Southeast Asia, & Pacific",Marshall Islands,62.43846153846154,48.093525179856115,14.344936358605423,8.505318691473975e-05,0.04727667172107211,0.0013829658908942047,0.004612894792875852
Quarter,"East, Southeast Asia, & Pacific",Philippines,44614.22473012758,40414.50743310208,4199.717297025498,0.06077315009900295,10.832784738997505,0.9881721863446062,1.4091137041099817
Quarter,"East, Southeast Asia, & Pacific",Christmas Island,1.3333333333333333,0.5,0.8333333333333333,1.816256301411222e-06,0.0028700709091567553,2.9532350345570464e-05,0.00026065884205570786
Quarter,Northern & Western Europe,Greenland,966.9079283887468,880.8639455782313,86.04398281051544,0.0009478561208088303,0.4012138983114928,0.02141629776981467,0.029549312313028864
Quarter,"East, Southeast Asia, & Pacific",Cocos (Keeling) Islands,0.5,,,6.810961130292084e-07,,1.1074631379588925e-05,
Quarter,"East, Southeast Asia, & Pacific",Tokelau,7.166666666666667,12.0,-4.833333333333333,9.76237762008532e-06,0.01744641246460462,0.00015873638310744126,0.001464254815362068
Quarter,Latin America & Caribbean,Peru,16267.411067193676,20316.816285998015,-4049.405218804339,0.04346976604370251,3.8326882155345237,0.3603111621388305,1.1842024981285706
Quarter,Latin America & Caribbean,Uruguay,5449.971175166297,8403.188247011953,-2953.2170718456555,0.01456340968767755,4.31487931514535,0.12071284358870361,0.8885212360713322
Quarter,Northern & Western Europe,Denmark,13738.702064896755,14057.249003984063,-318.5469390873077,0.013467996757335168,0.4969591073064039,0.30430212200545753,0.05369250908861435
Quarter,"East, Southeast Asia, & Pacific",Samoa,164.80459770114942,183.920245398773,-19.115647697623587,0.00022449554180719054,0.07629767592173423,0.0036503003384033565,0.005355082372285424
Quarter,Latin America & Caribbean,Ecuador,8852.368213228036,11999.5337972167,-3147.1655839886644,0.023655293000972646,3.906829964375538,0.19607342959578147,0.9357026955325596
Quarter,Central & Eastern Europe & Central Asia,Czech Republic,23224.48818897638,22096.386679920477,1128.1015090559013,0.038812343818404205,3.5888934320658823,0.5144052913450603,0.41740500806177505
Quarter,Latin America & Caribbean,Belize,1191.116129032258,3938.469,-2747.352870967742,0.0031828998016981366,4.89252859202019,0.02638234411863027,0.840563615722509
Quarter,Latin America & Caribbean,El Salvador,3428.5737226277374,3418.722294654498,9.851427973239424,0.009161832634006524,0.7035636162680853,0.07594038027169431,0.01396236799249567
Quarter,"East, Southeast Asia, & Pacific",New Zealand,10345.326129666011,10793.587128712872,-448.2609990468609,0.014092322829870049,2.0839011436350683,0.22914134677536088,0.10433595539466835
Quarter,Latin America & Caribbean,British Virgin Islands,203.14606741573033,169.0964467005076,34.049620715222716,0.0005428467988412011,0.10526233620167266,0.004499535625684669,0.011124066757535337
Quarter,Latin America & Caribbean,Saint Kitts and Nevis,201.17467248908298,149.59057971014494,51.58409277893804,0.0005375788385070626,0.13800479219743972,0.004455870681452246,0.01651247733586514
Quarter,"East, Southeast Asia, & Pacific",Myanmar,3081.9314159292035,3323.7034482758622,-241.77203234665876,0.00419818301602397,1.0107567044836452,0.06826250873718097,0.06445392099635205
Quarter,Northern & Western Europe,San Marino,230.95287958115182,202.678391959799,28.27448762135282,0.00022640221897260766,0.12716833236447556,0.005115436014831692,0.009435932363093385
Quarter,Latin America & Caribbean,Sint Maarten,272.8708133971292,229.36574074074073,43.50507265638848,0.0007291652230052292,0.13713962009666972,0.006043887345243602,0.014255273168448887
Quarter,Latin America & Caribbean,Colombia,27770.40197044335,33424.75296442688,-5654.350993983531,0.07420805139849455,3.8927853349413817,0.6150939301713401,1.6283081377974202
Quarter,"East, Southeast Asia, & Pacific",Cambodia,3362.296573875803,3359.4602609727167,2.8363129030863092,0.004580094254636468,0.16986034894015395,0.0744723902890586,0.011595954585475092
Quarter,Sub-Saharan Africa,Gabon,1239.0065934065933,865.9646017699115,373.0419916366818,0.011189265248842005,3.518294265912613,0.027443082597716467,0.11867975185775416
Quarter,Sub-Saharan Africa,Mozambique,2054.9895470383276,2244.3083475298126,-189.31880049148504,0.01855827341659986,3.019796644103356,0.045516503444715785,0.05163879661414264
Quarter,South Asia,Bangladesh,23918.83695652174,21863.35976214073,2055.4771943810083,0.050031521849160605,9.905529169208007,0.5297846046439337,0.7020378484225389
Quarter,Latin America & Caribbean,Bermuda,439.4841628959276,371.4943396226415,67.9898232732861,0.0011743893150598385,0.21681701758333688,0.00973425020247922,0.022318329786201928
Quarter,Sub-Saharan Africa,Malawi,1118.2219730941704,1050.4809843400446,67.74098875412574,0.010098479161142095,0.209791535536248,0.024767792305149083,0.02440137154747595
Quarter,Latin America & Caribbean,Cayman Islands,517.7975708502024,398.93602693602696,118.86154391417546,0.0013836583565683981,0.32853424797614994,0.011468834452825143,0.03821701401957137
Quarter,Northern & Western Europe,Guernsey,528.5603448275862,532.7903930131005,-4.230048185514306,0.0005181456717357954,0.012393986250494014,0.011707221961667857,0.0003857579560441214
Quarter,"East, Southeast Asia, & Pacific",Hong Kong,26761.814271749754,26402.160396039602,359.6538757101516,0.0364547353561967,0.20817315503459657,0.5927544562173012,0.1942925556072107
Quarter,Northern & Western Europe,Italy,118829.05577299414,118569.55182625864,259.50394673549454,0.11648766603047458,6.67773531264531,2.6319759797410467,0.44511195813732846
Quarter,Latin America & Caribbean,Guadeloupe,1163.0647887323944,1000.6437994722955,162.42098926009885,0.003107941027065185,0.5393264308123966,0.025761027611581475,0.05366212014410568
Quarter,"East, Southeast Asia, & Pacific",Thailand,38208.449901768174,40024.53823237339,-1816.0883306052128,0.05204725342593108,7.661164186037578,0.8462889964951463,0.4282573412858272
Quarter,Central & Eastern Europe & Central Asia,Moldova,3689.1458333333335,3286.5832389580974,402.56259437523613,0.006165233666915848,0.05182387948206223,0.08171186041942614,0.13543871430497165
Quarter,Sub-Saharan Africa,Angola,2748.1847988077498,2177.657270029674,570.527528778076,0.024818405995846393,4.820143045911628,0.060870267219571166,0.18411929941650498
Quarter,"East, Southeast Asia, & Pacific",Taiwan,55041.4324055666,53212.17117117117,1829.2612343954315,0.07497701133398264,2.7587792864976524,1.2191271489924211,0.7230494028813037
Quarter,South Asia,Pakistan,23135.76838966203,21792.621485943775,1343.1469037182542,0.04839356126673562,4.63960713282046,0.5124402131981053,0.482668805701574
Quarter,Northern & Western Europe,Monaco,155.02155172413794,366.7245901639344,-211.70303843979647,0.000151967030515371,0.8469621904189123,0.003433613082473411,0.06463527517888222
Quarter,Central & Eastern Europe & Central Asia,Bulgaria,12500.977406679764,11451.441906653426,1049.535500026337,0.02089140691610405,0.7385485643578307,0.2768874333270958,0.3610229881751594
Quarter,Latin America & Caribbean,Panama,4187.230448383733,7464.469184890656,-3277.2387365069226,0.011189114679064216,5.188731332683513,0.0927440674344814,0.9924233909202532
Quarter,Latin America & Caribbean,Paraguay,4311.663322185062,7395.9294935451835,-3084.266171360122,0.011521624129396956,4.8086695196466485,0.09550016385218663,0.9327924914440378
Quarter,South Asia,Nepal,6226.7476303317535,5920.26102088167,306.48660945008305,0.013024615732045825,0.9513095242558827,0.13791786939930603,0.11389844579907663
Quarter,Latin America & Caribbean,Martinique,1068.0911764705882,1006.5473372781065,61.54383919248164,0.0028541525976529657,0.3305158332531169,0.023657432118406454,0.022335966670342045
Quarter,Sub-Saharan Africa,Réunion,1840.2314049586778,1732.7775423728813,107.45386258579651,0.016618827872996417,0.29096290337391517,0.04075976892612077,0.03890754388633492
Quarter,Central & Eastern Europe & Central Asia,Estonia,3604.5341488277268,3385.9481555333996,218.58599329432718,0.006023832152989496,0.4384969006405215,0.0798377739868148,0.07864884111716693
Quarter,Central & Eastern Europe & Central Asia,Russia,148108.33431085045,131777.4491609082,16330.885149942245,0.24751596447978572,9.303914186657755,3.2804904134751824,5.173858330995042
Quarter,Latin America & Caribbean,Montserrat,64.59183673469387,67.16279069767442,-2.5709539629805533,0.0001726022671703808,0.008154083238574038,0.0014306615639346507,0.0005848428532725346
Quarter,"East, Southeast Asia, & Pacific",French Polynesia,716.7885304659499,700.303886925795,16.48464354015482,0.0009764037639285535,0.019610389089725136,0.01587633750405528,0.007358110052946993
Quarter,"East, Southeast Asia, & Pacific",New Caledonia,718.972972972973,708.6367041198502,10.336268853122874,0.0009793793945298919,0.0021687472263674113,0.015924721295125652,0.005473907331903277
Quarter,Northern & Western Europe,Ireland,14429.244379276637,14742.767028627839,-313.52264935120184,0.014144932730394341,0.43801612210541624,0.31959712517298833,0.049936334938772295
Quarter,Latin America & Caribbean,Jamaica,1822.8595041322315,1458.9984686064317,363.8610355257997,0.004871044067667824,1.0484839255986735,0.04037499413008944,0.11768975274108347
Quarter,North America,United States,852864.3108504398,960697.275419546,-107832.96456910612,0.9006375475633359,95.83983141304252,18.890315718951527,17.774444101622898
Quarter,"East, Southeast Asia, & Pacific",Mongolia,2197.427272727273,1920.8243045387994,276.60296818847337,0.002993318348237839,0.8531735092721194,0.04867139405781993,0.09204016183247465
Quarter,"East, Southeast Asia, & Pacific",North Korea,8.24390243902439,6.694444444444445,1.5494579945799458,1.1229779814823045e-05,0.005026692492991611,0.00018259636128297837,0.0005030556654423216
Quarter,Latin America & Caribbean,Guatemala,5672.325953259533,6554.582850521437,-882.2568972619038,0.015157585991607379,0.4919168530624506,0.12563783799444936,0.25264474213570626
Quarter,Sub-Saharan Africa,Burkina Faso,1370.2481343283582,1341.3507462686566,28.897388059701598,0.012374486070793254,0.3391063842428794,0.03034998597251203,0.013258488910183832
Quarter,Northern & Western Europe,Andorra,267.51032448377583,546.9392971246007,-279.42897264082484,0.00026223934151004143,1.1140863967178947,0.005925156467784078,0.08510649815332647
Quarter,Latin America & Caribbean,Trinidad and Tobago,1601.0976909413855,1231.0083916083915,370.08929933299396,0.004278452284192573,1.0166086454746748,0.03546313345977368,0.11890860186304916
Quarter,Latin America & Caribbean,Grenada,312.77830188679246,200.70609318996415,112.07220869682831,0.0008358059896811205,0.2746933406955661,0.006927808793860019,0.03547721228429765
Quarter,South Asia,Maldives,941.6630036630037,819.7490421455939,121.9139615174098,0.001969695818736953,0.7912493965779186,0.02085714129872852,0.040501605358187955
Quarter,Latin America & Caribbean,Saint Martin,144.47260273972603,146.3793103448276,-1.906707605101559,0.00038605960191698,0.025501633463956057,0.0031999616395845094,0.00012548258595340478
Quarter,Middle East & North Africa,Yemen,3617.116339869281,3124.0968152866244,493.0195245826567,0.014340272562680792,0.6955341585914704,0.08011646024228035,0.16300650917042198
Quarter,Northern & Western Europe,Germany,209445.93450635386,210524.1618953603,-1078.227389006439,0.20531904349072191,6.731553069429708,4.639073037222786,0.3366461720155355
Quarter,Northern & Western Europe,Belgium,30152.986287952986,28853.47675568744,1299.509532265547,0.02955885640665681,6.588507874136905,0.6678664162657574,0.49027790257884707
Quarter,Central & Eastern Europe & Central Asia,Kyrgyzstan,6366.652334152334,3729.065594059406,2637.5867400929283,0.010639834012904343,5.491543110409279,0.141016655445473,0.8300399350534196
Quarter,Central & Eastern Europe & Central Asia,Ukraine,56021.97458455523,49263.26653504442,6758.708049510809,0.0936229087706537,0.6849117449410935,1.2408454353612972,2.2081725764622875
Quarter,South Asia,Sri Lanka,6861.901437371664,6936.8975966562175,-74.99615928455387,0.014353179977550675,2.371146945892459,0.15198605796392514,0.0011350125553305289
Quarter,Northern & Western Europe,Switzerland,24930.655577299414,27973.19842053307,-3042.5428432336557,0.024439425710468792,10.31577763534967,0.5521956411401675,0.8461395981723546
Quarter,Central & Eastern Europe & Central Asia,Kazakhstan,24773.588812561335,17242.536706349205,7531.05210621213,0.041401172709816414,12.747505910041676,0.5487167280972497,2.3744857577382414
Quarter,"East, Southeast Asia, & Pacific",Kiribati,87.09411764705882,108.91025641025641,-21.816138763197586,0.00011863892999424069,0.08166911597576643,0.0019290704965434543,0.006434178674068938
Quarter,Sub-Saharan Africa,Mayotte,273.4069264069264,266.55607476635515,6.85085164057125,0.0024690930917700194,0.05556616267581785,0.006055761853166214,0.0029803084187745134
Quarter,Central & Eastern Europe & Central Asia,Latvia,3724.3001007049347,3406.2517838939857,318.048316810949,0.0062239828415288035,0.19508301224944988,0.08249050152454612,0.10958353701260955
Quarter,Middle East & North Africa,United Arab Emirates,15080.310483870968,13001.142263759086,2079.168220111882,0.05978678658601774,1.7740568233637728,0.33401775939724254,0.6837649615074186
Quarter,"East, Southeast Asia, & Pacific",Federated States of Micronesia,86.06015037593986,92.0,-5.939849624060145,0.0001172304678155236,0.025585293930145556,0.00190616888377105,0.0015528233868389695
Quarter,Northern & Western Europe,Norway,16534.164867517175,17076.288977159882,-542.1241096427075,0.016208378183695606,1.2129600159017073,0.3662195621542049,0.11298782606790142
Quarter,Central & Eastern Europe & Central Asia,Tajikistan,2249.2859259259258,1485.7096774193549,763.5762485065709,0.003758965880865874,1.4926834521929147,0.049820024993853976,0.24192366054346226
Quarter,Latin America & Caribbean,Aruba,561.5533333333333,554.5155709342561,7.037762399077224,0.0015005824786889343,0.12629140256441568,0.012437992333292186,0.003957133654335399
Quarter,Sub-Saharan Africa,Somalia,1576.4043545878694,1438.013201320132,138.3911532677373,0.014236249069842433,0.7591591909680507,0.03491619426447889,0.04758269068735787
Quarter,UNCLASSED,Antarctica,11.692307692307692,5.6875,6.004807692307692,1.0,100.0,0.0002589759953380794,0.0018848951812555454
Quarter,Middle East & North Africa,Tunisia,8012.290149892933,6670.898692810458,1341.3914570824754,0.03176520017735993,4.406681703496841,0.17746631983275105,0.4369259123430374
Quarter,"East, Southeast Asia, & Pacific",Australia,58894.93841642229,59340.59131293189,-445.6528965096004,0.08022622726503964,4.221927892005101,1.3044794661709351,0.051999749564062295
Quarter,Latin America & Caribbean,Mexico,75953.37869822486,74065.67028627839,1887.7084119464707,0.20296257275375726,14.776190061480065,1.682311342234324,0.8001222223315613
Quarter,South Asia,India,413287.9393939394,402904.17885375494,10383.760540184448,0.8644828595708334,78.90795223464767,9.154023164835534,3.822959947161707
Quarter,"East, Southeast Asia, & Pacific",Fiji,629.4010695187166,686.6153846153846,-57.21431509666809,0.0008573652439712487,0.23538285237425927,0.013940769669677618,0.0155900501590684
Quarter,Sub-Saharan Africa,Mali,1266.9722222222222,991.3268965517242,275.645325670498,0.011441818254075323,2.4269753966174155,0.02806250065857947,0.08881259699034669
Quarter,Sub-Saharan Africa,Zambia,2093.3765625,2299.4932432432433,-206.11668074324325,0.018904940254692384,3.2168821418383375,0.04636674753671699,0.056678635553201955
Quarter,"East, Southeast Asia, & Pacific",China,471.7134387351779,440.1399387129724,31.57350002220545,0.0006425643791723425,0.08599178291309653,0.010448104901580798,0.011218259524646253
Quarter,"East, Southeast Asia, & Pacific",American Samoa,103.17142857142858,114.33035714285714,-11.15892857142856,0.00014053931795134122,0.04492115005488852,0.0022851710806683205,0.0031039386433848043
Quarter,Middle East & North Africa,Iran,62938.502958579884,56438.495,6500.007958579881,0.24952343311847813,32.3229527107638,1.3940414396988783,2.145735637069592
Quarter,Sub-Saharan Africa,Guinea,1015.5868263473054,1031.9817518248176,-16.394925477512174,0.009171597991246956,0.6685115446692482,0.022494499471525993,0.001801148683081413
Quarter,Sub-Saharan Africa,Cape Verde,561.9544235924933,470.6687697160883,91.28565387640498,0.005074918193976953,0.7456023424087989,0.012446876186832467,0.02987427390669993
Quarter,Northern & Western Europe,Liechtenstein,109.56952662721893,263.18039215686275,-153.61086552964383,0.00010741058524652005,0.6148041102554282,0.002426884235665006,0.04690993315936022
Quarter,"East, Southeast Asia, & Pacific",East Timor,398.36292428198436,462.13101604278074,-63.76809176079638,0.0005426468786068168,0.24622417765141222,0.008823445083436141,0.018345225363319975
Quarter,"East, Southeast Asia, & Pacific",Northern Mariana Islands,142.09424083769633,162.80503144654088,-20.710790608844547,0.00019355967023678236,0.08071085474141011,0.003147282676880036,0.005918391949105174
Quarter,Sub-Saharan Africa,Rwanda,1072.8306595365418,802.0231213872833,270.80753814925856,0.009688557656210288,2.4768009138568954,0.023762408174176936,0.08671244754312908
Quarter,Latin America & Caribbean,Saint Barthélemy,30.609375,29.80952380952381,0.7998511904761898,8.179435341603486e-05,0.007680837788545947,0.0006779750897692095,0.000343802371951673
Quarter,"East, Southeast Asia, & Pacific",Tuvalu,19.0,26.185185185185187,-7.185185185185187,2.5881652295109916e-05,0.026383074355973715,0.00042083599242437916,0.0021500934112343322
Quarter,"East, Southeast Asia, & Pacific",Guam,783.8713235294117,733.1521739130435,50.71914961636821,0.0010677834231418866,0.13660193465301332,0.01736217191423745,0.018101947714372006
Quarter,Latin America & Caribbean,Argentina,36635.320792079205,40039.373887240356,-3404.053095161151,0.09789688212768595,1.4837358943286494,0.8114453464905339,0.9137653977875322
