wmf_region,country_code,country,previous_metric_avg,current_metric_avg,absolute_change,global_current_metric_total,global_previous_metric_total,proportion_current_regional,proportion_previous_regional,proportion_current_global,proportion_previous_global,formula_result_regional,formula_result_global,formula_result_regional_sum,total_formula_result_global,formula_result_percentage_regional,formula_result_percentage_global,rank_simple_calculation,rank_formula_result
Central & Eastern Europe & Central Asia,RU,Russia,61035453.666666664,70959955.66666667,9924502.000000007,1671677374.0,1525974687.666667,0.30253522531261745,0.31764773346603964,0.042448355627900405,0.039997684207982886,4983954.536428446,3168805.922353854,14008714.271084769,87423269.17943013,35.57753010007329,3.624671042500255,1.0,1.0
Central & Eastern Europe & Central Asia,TR,Turkey,21737579.333333332,25565680.666666668,3828101.333333336,1671677374.0,1525974687.666667,0.10899836235937371,0.11312921247347969,0.015293429859311279,0.014245045811717734,1121197.6829774943,1518473.3889392407,14008714.271084769,87423269.17943013,8.003573070883071,1.736921306183003,2.0,4.0
Central & Eastern Europe & Central Asia,UA,Ukraine,16059056.333333334,19174037.333333332,3114980.999999998,1671677374.0,1525974687.666667,0.08174782030645299,0.08357638944973816,0.011469938895837046,0.010523802565748237,576634.1590318193,1392857.392441754,14008714.271084769,87423269.17943013,4.116253268310594,1.5932341646741806,3.0,5.0
Central & Eastern Europe & Central Asia,PL,Poland,20550446.0,23265260.0,2714814.0,1671677374.0,1525974687.666667,0.09919060137410682,0.10695099653500689,0.01391731464566679,0.01346709494337892,1600950.741565161,639988.7332576456,14008714.271084769,87423269.17943013,11.428248949795954,0.7320576538314,4.0,2.0
Central & Eastern Europe & Central Asia,KZ,Kazakhstan,6644326.0,8787097.333333334,2142771.333333334,1671677374.0,1525974687.666667,0.03746347424555512,0.034579166165223676,0.005256455264634893,0.00435415217152762,454774.78615291446,1359633.1031276165,14008714.271084769,87423269.17943013,3.246370632968152,1.5552302217583112,5.0,7.0
Central & Eastern Europe & Central Asia,BG,Bulgaria,3598895.3333333335,4981048.333333333,1382152.9999999995,1671677374.0,1525974687.666667,0.021236520875194422,0.01872978534505703,0.00297967084486802,0.002358424004290872,443291.22627189144,941652.7901609691,14008714.271084769,87423269.17943013,3.1643962300443516,1.077119168614357,6.0,8.0
Central & Eastern Europe & Central Asia,CZ,Czechia,7591903.0,8892498.0,1300595.0,1671677374.0,1525974687.666667,0.03791284620666359,0.03951065545959968,0.005319506107043835,0.004975117255456318,344195.0848869693,515995.5804363186,14008714.271084769,87423269.17943013,2.457006961712529,0.5902268186485612,7.0,10.0
Central & Eastern Europe & Central Asia,RO,Romania,6124593.666666667,7379900.0,1255306.333333333,1671677374.0,1525974687.666667,0.03146393889777165,0.031874315332231326,0.004414667635502734,0.004013561768859772,115836.60343499147,604079.028878849,14008714.271084769,87423269.17943013,0.8268896145172188,0.6909819714463197,8.0,19.0
Central & Eastern Europe & Central Asia,UZ,Uzbekistan,4255943.666666667,5441383.0,1185439.333333333,1671677374.0,1525974687.666667,0.023199141212126642,0.02214927191102574,0.00325504375702581,0.0027890001721944243,169761.18179100624,705328.6016575744,14008714.271084769,87423269.17943013,1.211825571611582,0.8067973301363702,9.0,15.0
Central & Eastern Europe & Central Asia,HU,Hungary,6435087.0,7353592.0,918505.0,1671677374.0,1525974687.666667,0.03135177568356515,0.033490220476940884,0.004398930149065953,0.004217033907580567,425934.0928081791,272358.1028129024,14008714.271084769,87423269.17943013,3.0404938280977354,0.31153959966185496,10.0,9.0
Central & Eastern Europe & Central Asia,GE,Georgia,1662438.6666666667,2314975.3333333335,652536.6666666667,1671677374.0,1525974687.666667,0.009869814284454879,0.008651854664289435,0.0013848218378370739,0.0010894274198012181,225563.60136696554,449369.6826722921,14008714.271084769,87423269.17943013,1.6101663364820626,0.5140161045110225,11.0,13.0
Central & Eastern Europe & Central Asia,RS,Serbia,3571558.3333333335,4214008.333333333,642449.9999999995,1671677374.0,1525974687.666667,0.017966273352579377,0.018587514983028026,0.0025208263262246756,0.002340509552484466,128694.11894812441,272895.31574010296,14008714.271084769,87423269.17943013,0.9186718813571672,0.31215409615946127,12.0,17.0
Central & Eastern Europe & Central Asia,AZ,Azerbaijan,1993567.0,2631753.3333333335,638186.3333333335,1671677374.0,1525974687.666667,0.011220385923116421,0.010375150851193405,0.0015743189291579976,0.001306422063296684,153564.7037310091,407265.05703351577,14008714.271084769,87423269.17943013,1.0962084082761276,0.4658542981247164,13.0,16.0
Central & Eastern Europe & Central Asia,BY,Belarus,4098521.6666666665,4647436.666666667,548915.0000000005,1671677374.0,1525974687.666667,0.019814179502603498,0.02132999821854559,0.0027801038280169167,0.002685838565863515,295925.5864558875,141934.01506024768,14008714.271084769,87423269.17943013,2.1124393054879,0.1623526738275345,14.0,11.0
Central & Eastern Europe & Central Asia,KG,Kyrgyzstan,1026834.3333333334,1562754.3333333333,535919.9999999999,1671677374.0,1525974687.666667,0.0066627470367115905,0.005343969431435184,0.0009348420679966285,0.0006729039096339417,248475.93336738055,398941.0317401852,14008714.271084769,87423269.17943013,1.773724044613123,0.45633277671347056,15.0,12.0
Central & Eastern Europe & Central Asia,SK,Slovakia,2530680.0,3028048.3333333335,497368.3333333335,1671677374.0,1525974687.666667,0.012909975438623733,0.013170456150256362,0.0018113832133097552,0.0016584023447135973,55812.73054191347,232156.86290062676,14008714.271084769,87423269.17943013,0.3984143688126747,0.26555500049322234,16.0,24.0
Central & Eastern Europe & Central Asia,LT,Lithuania,1842340.3333333333,2240219.0,397878.66666666674,1671677374.0,1525974687.666667,0.00955109333915461,0.009588119625561255,0.001340102483196019,0.0012073203757726897,10846.497115318436,201844.30688177497,14008714.271084769,87423269.17943013,0.07742678525256647,0.23088167346785407,17.0,31.0
Central & Eastern Europe & Central Asia,AM,Armenia,1090316.0,1398362.0,308046.0,1671677374.0,1525974687.666667,0.005961866221082367,0.0056743480281674944,0.0008365023190174493,0.0007145046433680871,53096.10067948338,185774.66778400744,14008714.271084769,87423269.17943013,0.3790219405722226,0.2125002525388498,18.0,25.0
Central & Eastern Europe & Central Asia,MD,Moldova,984989.3333333334,1285833.6666666667,300844.3333333334,1671677374.0,1525974687.666667,0.005482105708843979,0.005126194865860921,0.0007691876953445365,0.0006454820917373525,66387.81408537365,188418.36536764834,14008714.271084769,87423269.17943013,0.473903691664295,0.21552427304100566,19.0,23.0
Central & Eastern Europe & Central Asia,SI,Slovenia,1481569.3333333333,1749406.3333333333,267837.0,1671677374.0,1525974687.666667,0.0074585311426136865,0.007710553660767548,0.0010464975841285348,0.0009709003336082639,50049.965663123025,114967.19740963382,14008714.271084769,87423269.17943013,0.3572773681766827,0.13150640383130915,20.0,27.0
Central & Eastern Europe & Central Asia,AL,Albania,704418.6666666666,922589.0,218170.33333333337,1671677374.0,1525974687.666667,0.003933425103830167,0.00366601670727053,0.0005518941718953959,0.00046161884096765533,50335.5292519048,137573.8713527717,14008714.271084769,87423269.17943013,0.3593158392544404,0.15736527888291502,21.0,26.0
Central & Eastern Europe & Central Asia,LV,Latvia,1162705.3333333333,1372063.3333333333,209358.0,1671677374.0,1525974687.666667,0.005849742799207699,0.006051084929084623,0.0008207704157951552,0.0007619427391100434,39678.12524822453,89529.31144957975,14008714.271084769,87423269.17943013,0.28323887888929045,0.1024090179764693,22.0,28.0
Central & Eastern Europe & Central Asia,XK,Kosovo,308513.6666666667,482196.3333333333,173682.66666666663,1671677374.0,1525974687.666667,0.002055826768483249,0.0016056023355731034,0.0002884505950927187,0.00020217482580815797,86013.87157323133,131577.9239647252,14008714.271084769,87423269.17943013,0.614002612293775,0.1505067531788027,23.0,22.0
Central & Eastern Europe & Central Asia,BA,Bosnia and Herzegovina,1282992.6666666667,1447163.6666666667,164171.0,1671677374.0,1525974687.666667,0.006169930376167046,0.006677098114907382,0.0008656955517701867,0.0008407692978370838,97813.62071733865,37862.73025483348,14008714.271084769,87423269.17943013,0.6982341050329983,0.043309670995170496,24.0,20.0
Central & Eastern Europe & Central Asia,MK,North Macedonia,682844.3333333334,831802.6666666666,148958.33333333326,1671677374.0,1525974687.666667,0.00354636082860249,0.0035537370784207035,0.0004975856463716585,0.000447480773339337,1940.5566056188895,76350.43461887818,14008714.271084769,87423269.17943013,0.013852496153943055,0.08733422501299312,25.0,32.0
Central & Eastern Europe & Central Asia,CY,Cyprus,765978.6666666666,891334.6666666666,125356.0,1671677374.0,1525974687.666667,0.003800173374905576,0.003986394345142479,0.0005331977811806327,0.0005019602702833211,36115.76535972603,47576.88412700436,14008714.271084769,87423269.17943013,0.25780927971578504,0.05442130518976149,26.0,29.0
Central & Eastern Europe & Central Asia,GR,Greece,7147780.666666667,7230547.333333333,82766.66666666605,1671677374.0,1525974687.666667,0.03082717916143115,0.037199302891706386,0.004325324638468985,0.0046840755121542515,1181397.2947599688,545238.4725655179,14008714.271084769,87423269.17943013,8.43330281351,0.6236765997007663,27.0,3.0
Central & Eastern Europe & Central Asia,TJ,Tajikistan,771039.3333333334,827246.0,56206.66666666663,1671677374.0,1525974687.666667,0.003526933643738534,0.004012731649117852,0.0004948598412985399,0.0005052766206183354,93168.90067614181,15915.524244581917,14008714.271084769,87423269.17943013,0.6650781711527282,0.01820513507898729,28.0,21.0
Central & Eastern Europe & Central Asia,TM,Turkmenistan,263223.3333333333,300659.3333333333,37436.0,1671677374.0,1525974687.666667,0.001281850281581696,0.0013698971696899569,0.00017985487990060774,0.0001724952159827907,16942.86614468579,11221.990565769876,14008714.271084769,87423269.17943013,0.12094519037808753,0.012836388608091888,29.0,30.0
Central & Eastern Europe & Central Asia,EE,Estonia,1332242.0,1366735.3333333333,34493.333333333256,1671677374.0,1525974687.666667,0.0058270270623484825,0.006933407164291746,0.000817583197924729,0.0008730433150481026,211316.01948800308,84585.04977771391,14008714.271084769,87423269.17943013,1.508461200641219,0.09675347372804033,30.0,14.0
Central & Eastern Europe & Central Asia,HR,Croatia,2962606.3333333335,2943156.0,-19450.33333333349,1671677374.0,1525974687.666667,0.012548040020950151,0.015418336891127465,0.0017606004877350216,0.001941451819140845,542774.875332217,275404.51838993444,14008714.271084769,87423269.17943013,3.87455168853399,0.3150242732569129,31.0,6.0
Central & Eastern Europe & Central Asia,ME,Montenegro,447798.3333333333,392008.6666666667,-55789.66666666663,1671677374.0,1525974687.666667,0.0016713148871118763,0.002330483630219762,0.00023450019289826594,0.00029345069544898643,126269.69862425666,89917.49409324232,14008714.271084769,87423269.17943013,0.9013653657344454,0.10285304466101922,32.0,18.0
Central & Eastern Europe & Central Asia,CZ,Czech Republic,,8670301.0,,1671677374.0,1525974687.666667,0.036965517268430254,,0.005186587516736947,,,,14008714.271084769,87423269.17943013,,,,
"East, Southeast Asia, & Pacific",KR,South Korea,24170410.333333332,29331276.0,5160865.666666668,1671677374.0,1525974687.666667,0.10212138418020693,0.08950073241115018,0.017546014832883657,0.01583932586083178,2576229.9354378018,2472560.1727672876,16402618.478310816,87423269.17943013,15.706211412795772,2.82826322554071,1.0,2.0
"East, Southeast Asia, & Pacific",VN,Vietnam,17229860.666666668,21494806.333333332,4264945.666666664,1671677374.0,1525974687.666667,0.07483750026577357,0.0638005365958579,0.01285822651406738,0.011291052732344108,2471279.772320959,2309625.698732822,16402618.478310816,87423269.17943013,15.06637355242233,2.641888962070816,2.0,3.0
"East, Southeast Asia, & Pacific",ID,Indonesia,27021744.666666668,31019542.0,3997797.333333332,1671677374.0,1525974687.666667,0.10799934396567215,0.10005895246877376,0.01855593817470667,0.017707859039251168,1498045.436966666,1197047.835835581,16402618.478310816,87423269.17943013,9.13296519666986,1.3692554019899716,3.0,5.0
"East, Southeast Asia, & Pacific",PH,Philippines,14468982.666666666,15940313.0,1471330.333333334,1671677374.0,1525974687.666667,0.05549867069628157,0.05357726774398177,0.009535519980065243,0.009481797295596598,409433.0772421977,67172.24427149697,16402618.478310816,87423269.17943013,2.4961446112008954,0.0768356581742907,4.0,10.0
"East, Southeast Asia, & Pacific",HK,Hong Kong,8240498.333333333,9476345.333333334,1235847.000000001,1671677374.0,1525974687.666667,0.03299336525317359,0.030513782186356583,0.005668764488125048,0.005400154012995911,608424.0890139528,400673.5761302069,16402618.478310816,87423269.17943013,3.7093107409556105,0.4583145653222513,5.0,8.0
"East, Southeast Asia, & Pacific",TW,Taiwan,20710679.0,21943977.666666668,1233298.666666668,1671677374.0,1525974687.666667,0.0764013598910442,0.07668967608199456,0.013126921502896807,0.013572098651038717,166116.63448763924,686298.5533658466,16402618.478310816,87423269.17943013,1.0127446096932347,0.7850296148926517,6.0,12.0
"East, Southeast Asia, & Pacific",SG,Singapore,7523644.0,8594961.333333334,1071317.333333334,1671677374.0,1525974687.666667,0.029924690229479172,0.0278593387168157,0.005141519211190409,0.004930385845065511,510167.3870145225,315087.4814945924,16402618.478310816,87423269.17943013,3.110280152459297,0.3604160362018691,7.0,9.0
"East, Southeast Asia, & Pacific",MY,Malaysia,12330857.333333334,12840332.0,509474.66666666605,1671677374.0,1525974687.666667,0.044705606301389846,0.045659992833002754,0.007681106533897491,0.008080643429405874,268747.9173497022,608669.8860677857,16402618.478310816,87423269.17943013,1.6384452135192171,0.6962332703648195,8.0,11.0
"East, Southeast Asia, & Pacific",MN,Mongolia,496181.0,701620.6666666666,205439.66666666663,1671677374.0,1525974687.666667,0.0024428011126907526,0.0018373110880642854,0.00041971057189571476,0.00032515676964386546,162715.28989960713,144153.56785881968,16402618.478310816,87423269.17943013,0.9920080145421024,0.16489153198212547,9.0,13.0
"East, Southeast Asia, & Pacific",KH,Cambodia,1030122.6666666666,1143059.0,112936.33333333337,1671677374.0,1525974687.666667,0.003979737099730784,0.0038144463361817894,0.0006837796681215356,0.0006750588165009497,44018.406124694804,13221.591712458277,16402618.478310816,87423269.17943013,0.2683620678180154,0.015123652817560377,10.0,15.0
"East, Southeast Asia, & Pacific",CN,China,263212.0,321846.0,58634.0,1671677374.0,1525974687.666667,0.0011205567399407675,0.0009746490214489807,0.00019252877678776312,0.00017248778903565659,39299.47436928987,30565.47626478589,16402618.478310816,87423269.17943013,0.23959268711428952,0.034962632433765885,11.0,16.0
"East, Southeast Asia, & Pacific",LA,Laos,265410.0,301431.6666666667,36021.666666666686,1671677374.0,1525974687.666667,0.0010494810739139593,0.0009827880065603923,0.00018031689089946772,0.00017392817990043621,17955.507369743995,9740.820328615102,16402618.478310816,87423269.17943013,0.10946732311969923,0.011142136893351301,12.0,17.0
"East, Southeast Asia, & Pacific",MO,Macao,386412.6666666667,416724.6666666667,30312.0,1671677374.0,1525974687.666667,0.0014508915255522924,0.001430849381647333,0.00024928534246385434,0.0002532235100554135,5360.822159966921,6015.578639968413,16402618.478310816,87423269.17943013,0.03268272176820754,0.006880981112273278,13.0,22.0
"East, Southeast Asia, & Pacific",TL,Timor-Leste,47760.333333333336,52394.0,4633.666666666664,1671677374.0,1525974687.666667,0.00018241783285315516,0.00017685197539401876,3.134217212896249e-05,3.129824742136619e-05,1501.9945825767888,66.88066491818462,16402618.478310816,87423269.17943013,0.009157041508725431,7.650213215078556e-05,14.0,26.0
"East, Southeast Asia, & Pacific",GU,Guam,65773.0,70330.33333333333,4557.3333333333285,1671677374.0,1525974687.666667,0.0002448659577529237,0.0002435511682133178,4.207171457076462e-05,4.310228769297084e-05,353.86733646905236,1572.7524492175405,16402618.478310816,87423269.17943013,0.002157383206449453,0.0017990089640660505,15.0,34.0
"East, Southeast Asia, & Pacific",PF,French Polynesia,80897.0,83632.0,2735.0,1671677374.0,1525974687.666667,0.0002911777722100827,0.0002995539028925664,5.002879221837216e-05,5.301333020385663e-05,2262.161883068809,4554.224808806278,16402618.478310816,87423269.17943013,0.013791468027254708,0.0052093965960699215,16.0,24.0
"East, Southeast Asia, & Pacific",MP,Northern Mariana Islands,10386.666666666666,11357.666666666666,971.0,1671677374.0,1525974687.666667,3.954347710810115e-05,3.846083956196302e-05,6.794173830019587e-06,6.8065786088160354e-06,292.325549278156,18.93584674797096,16402618.478310816,87423269.17943013,0.001782188311364421,2.1659961845062626e-05,17.0,35.0
"East, Southeast Asia, & Pacific",PW,Palau,4648.0,5340.0,692.0,1671677374.0,1525974687.666667,1.8592037779819228e-05,1.721110227381298e-05,3.1943962890533206e-06,3.045922083483017e-06,372.91372894780517,226.56497884136127,16402618.478310816,87423269.17943013,0.0022735012061696675,0.00025915866675764844,18.0,33.0
"East, Southeast Asia, & Pacific",BN,Brunei,162573.0,162930.66666666666,357.66666666665697,1671677374.0,1525974687.666667,0.0005672683726887266,0.00060199236875228,9.746537771029654e-05,0.00010653715380337446,9372.058994615423,13841.860724478487,16402618.478310816,87423269.17943013,0.05713757841169139,0.015833153866699996,19.0,20.0
"East, Southeast Asia, & Pacific",MH,Marshall Islands,3047.3333333333335,3373.3333333333335,326.0,1671677374.0,1525974687.666667,1.17447829170893e-05,1.128398572771072e-05,2.0179332362808745e-06,1.996975020596797e-06,124.43684526585815,31.980984919656354,16402618.478310816,87423269.17943013,0.0007586401246264491,3.6581776476486625e-05,20.0,39.0
"East, Southeast Asia, & Pacific",NF,Norfolk Island,272.0,387.6666666666667,115.66666666666669,1671677374.0,1525974687.666667,1.3497215941279502e-06,1.00719015027477e-06,2.319028017583653e-07,1.7824673121931594e-07,92.50318981365253,81.87776406437125,16402618.478310816,87423269.17943013,0.0005639537975962161,9.36567172937938e-05,21.0,40.0
"East, Southeast Asia, & Pacific",KP,North Korea,125.33333333333333,177.0,51.66666666666667,1671677374.0,1525974687.666667,6.162529376456935e-07,4.640974221854332e-07,1.0588167474952018e-07,8.21332977187044e-08,41.09079990303466,36.2394137751729,16402618.478310816,87423269.17943013,0.0002505136601047511,4.145282384806961e-05,22.0,42.0
"East, Southeast Asia, & Pacific",CK,Cook Islands,3178.6666666666665,3187.0,8.333333333333485,1671677374.0,1525974687.666667,1.109603453263743e-05,1.1770300579681624e-05,1.9064683470436204e-06,2.0830402315041626e-06,182.08905160596933,269.4436808644635,16402618.478310816,87423269.17943013,0.0011101218494275515,0.0003082059083279639,23.0,36.0
"East, Southeast Asia, & Pacific",NU,Niue,7.0,11.333333333333334,4.333333333333334,1671677374.0,1525974687.666667,3.945875683607077e-08,2.5920334749718345e-08,6.7796175922479965e-09,4.587232053438278e-09,3.656162184286178,3.3455247931050356,16402618.478310816,87423269.17943013,2.229011294215446e-05,3.826812729044232e-06,24.0,44.0
"East, Southeast Asia, & Pacific",PN,Pitcairn Islands,1.0,1.3333333333333333,0.33333333333333326,1671677374.0,1525974687.666667,4.642206686596561e-09,3.7029049642454775e-09,7.976020696762348e-10,6.553188647768969e-10,0.2536661681065994,0.21712056874832908,16402618.478310816,87423269.17943013,1.5464980084857928e-06,2.4835558174186364e-07,25.0,47.0
"East, Southeast Asia, & Pacific",CC,Cocos (Keeling) Islands,4.333333333333333,4.0,-0.33333333333333304,1671677374.0,1525974687.666667,1.3926620059789683e-08,1.60459215117304e-08,2.3928062090287047e-09,2.8397150806998864e-09,0.5723348077275762,0.681971623129687,16402618.478310816,87423269.17943013,3.4892892771015463e-06,7.800802115166707e-07,26.0,46.0
"East, Southeast Asia, & Pacific",CX,Christmas Island,4.666666666666667,2.0,-2.666666666666667,1671677374.0,1525974687.666667,6.963310029894841e-09,1.7280223166478898e-08,1.1964031045143523e-09,3.058154702292186e-09,2.7861673440622905,2.840985801053365,16402618.478310816,87423269.17943013,1.698611320958565e-05,3.2496906461167e-06,27.0,45.0
"East, Southeast Asia, & Pacific",TK,Tokelau,30.333333333333332,18.666666666666668,-11.666666666666664,1671677374.0,1525974687.666667,6.499089361235185e-08,1.1232145058211281e-07,1.1166428975467289e-08,1.9878005564899206e-08,12.782004751106431,13.293644970616457,16402618.478310816,87423269.17943013,7.792661133957408e-05,1.5206071673357561e-05,28.0,43.0
"East, Southeast Asia, & Pacific",TV,Tuvalu,316.6666666666667,268.0,-48.666666666666686,1671677374.0,1525974687.666667,9.330835440059087e-07,1.172586572011068e-06,1.6031801600492322e-07,2.0751764051268404e-07,64.67964512472136,72.02540951752307,16402618.478310816,87423269.17943013,0.0003943251207741451,8.238700084493062e-05,29.0,41.0
"East, Southeast Asia, & Pacific",WF,Wallis and Futuna,1470.6666666666667,1387.3333333333333,-83.33333333333348,1671677374.0,1525974687.666667,4.830216057403721e-06,5.4457389007503495e-06,8.299049534981223e-07,9.63755610465223e-07,166.2257084174016,204.25244845090396,16402618.478310816,87423269.17943013,0.001013409588458098,0.00023363625081520358,30.0,37.0
"East, Southeast Asia, & Pacific",UM,U.S. Outlying Islands,178.0,19.0,-159.0,1671677374.0,1525974687.666667,6.6151445284001e-08,6.59117083635695e-07,1.1365829492886347e-08,1.1664675793028765e-07,160.13514100308203,160.65601134234802,16402618.478310816,87423269.17943013,0.0009762779108398377,0.0001837680206314555,31.0,38.0
"East, Southeast Asia, & Pacific",NR,Nauru,1286.6666666666667,931.3333333333334,-355.33333333333337,1671677374.0,1525974687.666667,3.242581370587698e-06,4.764404387329181e-06,5.571250456688501e-07,8.431769393462741e-07,410.9777362310489,436.5073830923296,16402618.478310816,87423269.17943013,0.0025055617599987756,0.0004993034316715253,32.0,32.0
"East, Southeast Asia, & Pacific",WS,Samoa,11516.0,10812.0,-704.0,1671677374.0,1525974687.666667,3.764365402161151e-05,4.264265356825092e-05,6.467755183004588e-06,7.546652046770745e-06,1349.936953047693,1646.3523268341753,16402618.478310816,87423269.17943013,0.00823000885396874,0.001883196936338714,33.0,27.0
"East, Southeast Asia, & Pacific",AS,American Samoa,4832.666666666667,4120.333333333333,-712.3333333333339,1671677374.0,1525974687.666667,1.4345579213255022e-05,1.7894905390543647e-05,2.4647897958169845e-06,3.1669376338451506e-06,958.4974114461459,1071.454678832473,16402618.478310816,87423269.17943013,0.0058435634085714245,0.0012255943856702355,34.0,30.0
"East, Southeast Asia, & Pacific",TO,Tonga,6266.666666666667,5552.333333333333,-714.3333333333339,1671677374.0,1525974687.666667,1.933130919465973e-05,2.320487110927166e-05,3.321414418649261e-06,4.1066648859352205e-06,1046.0492324536372,1198.265043056835,16402618.478310816,87423269.17943013,0.006377330752628479,0.0013706477169110208,35.0,29.0
"East, Southeast Asia, & Pacific",KI,Kiribati,3533.0,2808.0,-725.0,1671677374.0,1525974687.666667,9.776487281972357e-06,1.3082363238679272e-05,1.6797499587381506e-06,2.315241549256777e-06,892.7602771174687,969.7406183459448,16402618.478310816,87423269.17943013,0.005442791212256541,0.0011092477179681078,36.0,31.0
"East, Southeast Asia, & Pacific",FM,Federated States of Micronesia,5790.333333333333,4867.333333333333,-923.0,1671677374.0,1525974687.666667,1.6946375509420745e-05,2.1441054044636063e-05,2.9116463553530953e-06,3.794514666679825e-06,1213.783310390939,1347.2268960762065,16402618.478310816,87423269.17943013,0.007399936247958976,0.001541039255019299,37.0,28.0
"East, Southeast Asia, & Pacific",SB,Solomon Islands,14427.0,13482.666666666666,-944.3333333333339,1671677374.0,1525974687.666667,4.694199401486442e-05,5.342180991916951e-05,8.065352128566087e-06,9.454285262136291e-06,1749.7898697667847,2119.4491501704993,16402618.478310816,87423269.17943013,0.010667747177565167,0.0024243535732122743,38.0,25.0
"East, Southeast Asia, & Pacific",VU,Vanuatu,13536.333333333334,11808.666666666666,-1727.6666666666679,1671677374.0,1525974687.666667,4.111370351984244e-05,5.012375589768153e-05,7.063962730087574e-06,8.870614593241669e-06,2433.0458996262896,2756.8683529841924,16402618.478310816,87423269.17943013,0.01483327739923663,0.00315347204338231,39.0,23.0
"East, Southeast Asia, & Pacific",NC,New Caledonia,82737.33333333333,78361.66666666667,-4375.666666666657,1671677374.0,1525974687.666667,0.00027282828972963815,0.0003063684823284328,4.687607063745942e-05,5.4219335354667705e-05,9053.836573103432,11204.823407095153,16402618.478310816,87423269.17943013,0.05519750755085428,0.012816751778177088,40.0,21.0
"East, Southeast Asia, & Pacific",FJ,Fiji,92758.33333333333,86451.0,-6307.3333333333285,1671677374.0,1525974687.666667,0.0003009925576972195,0.00034347529297513676,5.1715122394185135e-05,6.078628569859699e-05,11466.973659750003,13841.197979718392,16402618.478310816,87423269.17943013,0.06990940912826073,0.01583239577933228,41.0,19.0
"East, Southeast Asia, & Pacific",PG,Papua New Guinea,126542.66666666667,117359.33333333333,-9183.333333333343,1671677374.0,1525974687.666667,0.00040860471145088596,0.00046857546858886074,7.020453537186736e-05,8.292579666584127e-05,16184.255951332329,19410.068235820567,16402618.478310816,87423269.17943013,0.09866873373134157,0.02220240494093485,42.0,18.0
"East, Southeast Asia, & Pacific",MM,Myanmar,956897.6666666666,900715.0,-56182.66666666663,1671677374.0,1525974687.666667,0.003135978896788366,0.0035433011201749143,0.0005388091111413224,0.0006270730926276614,109434.7696900342,134573.87025020947,16402618.478310816,87423269.17943013,0.6671786570829518,0.15393369695887948,43.0,14.0
"East, Southeast Asia, & Pacific",AU,Australia,23633267.333333332,23349987.666666668,-283279.6666666642,1671677374.0,1525974687.666667,0.08129660165861043,0.08751174292994048,0.013967998867385919,0.01548732591984892,1508536.347831423,2278591.11188497,16402618.478310816,87423269.17943013,9.19692395349048,2.606389732701853,44.0,4.0
"East, Southeast Asia, & Pacific",NZ,New Zealand,5009782.666666667,4600236.333333333,-409546.33333333395,1671677374.0,1525974687.666667,0.016016435899893332,0.018550749106190947,0.00275186851534986,0.0032830050898989753,665156.3348223489,806713.0719908434,16402618.478310816,87423269.17943013,4.05518384581026,0.9227669927729668,45.0,7.0
"East, Southeast Asia, & Pacific",TH,Thailand,15320313.0,14643666.333333334,-676646.666666666,1671677374.0,1525974687.666667,0.05098419432666671,0.056729663061494524,0.008759863931336152,0.010039690123186736,1429090.5138398379,1927447.7028024727,16402618.478310816,87423269.17943013,8.712575469151613,2.204730755202624,46.0,6.0
"East, Southeast Asia, & Pacific",JP,Japan,90256063.66666667,89428654.66666667,-827409.0,1671677374.0,1525974687.666667,0.31135972400020107,0.3342096262045559,0.05349636003787096,0.059146501181271335,3850840.3227048176,8067749.498045996,16402618.478310816,87423269.17943013,23.476985261815265,9.22837772342682,47.0,1.0
"East, Southeast Asia, & Pacific",TL,East Timor,,38854.5,,1671677374.0,1525974687.666667,0.00013527796477827455,,2.324282221217645e-05,,,,16402618.478310816,87423269.17943013,,,,
Latin America & Caribbean,MX,Mexico,26463704.666666668,28504323.0,2040618.333333332,1671677374.0,1525974687.666667,0.21023920364793927,0.19473081410792514,0.017051330264639928,0.01734216489995107,1268145.7634872855,470904.98703160096,7014274.043280966,87423269.17943013,18.07950125219378,0.5386494825137476,1.0,1.0
Latin America & Caribbean,VE,Venezuela,3217110.0,4447831.333333333,1230721.333333333,1671677374.0,1525974687.666667,0.03280584904543609,0.023672817440554383,0.0026606996077781055,0.0021082328730624026,1171412.1810264802,837998.3269282128,7014274.043280966,87423269.17943013,16.700405113891808,0.9585529513981913,2.0,2.0
Latin America & Caribbean,DO,Dominican Republic,2150058.0,2526657.0,376599.0,1671677374.0,1525974687.666667,0.018635852378303855,0.01582101032311717,0.00151145013942146,0.0014089735677644854,369463.6397516356,155587.11324364296,7014274.043280966,87423269.17943013,5.267311163947865,0.17796990973228344,3.0,6.0
Latin America & Caribbean,EC,Ecuador,3605651.3333333335,3953198.0,347546.6666666665,1671677374.0,1525974687.666667,0.029157584250733698,0.026531864240977615,0.0023648091799799644,0.002362851338541305,337231.425594869,2158.6756364608345,7014274.043280966,87423269.17943013,4.807787997931246,0.00246922319048754,4.0,8.0
Latin America & Caribbean,PR,Puerto Rico,924369.0,1072437.6666666667,148068.66666666674,1671677374.0,1525974687.666667,0.007909973550399853,0.0068018869683373635,0.0006415338768990641,0.0006057564437149554,148392.25450218297,54467.39481272637,7014274.043280966,87423269.17943013,2.115575376532789,0.06230308626520917,5.0,12.0
Latin America & Caribbean,HT,Haiti,336944.3333333333,445975.6666666667,109031.33333333337,1671677374.0,1525974687.666667,0.0032893806671485874,0.0024793748708092987,0.00026678333606892896,0.00022080597801300833,109447.3294231463,70115.70504602072,7014274.043280966,87423269.17943013,1.5603514882340084,0.08020256586620338,6.0,14.0
Latin America & Caribbean,CU,Cuba,650767.0,758023.6666666666,107256.66666666663,1671677374.0,1525974687.666667,0.005590951661131926,0.004788611016513969,0.00045345093404767627,0.00042645989167426683,107915.41245741853,41121.44694020619,7014274.043280966,87423269.17943013,1.5385114951531105,0.047037187382923534,7.0,15.0
Latin America & Caribbean,BZ,Belize,72887.66666666667,139622.33333333334,66734.66666666667,1671677374.0,1525974687.666667,0.0010298117998265432,0.0005363374042752598,8.352229652976887e-05,4.776466297623687e-05,66957.93831447986,54557.06357045674,7014274.043280966,87423269.17943013,0.9545954135997788,0.062405654790239184,8.0,19.0
Latin America & Caribbean,JM,Jamaica,361218.6666666667,387752.6666666667,26534.0,1671677374.0,1525974687.666667,0.0028599455546572655,0.0026579953909317577,0.0002319542470918594,0.00023671340657622434,27295.972419912796,7266.792484458579,7014274.043280966,87423269.17943013,0.38914893047356547,0.008312194856891015,9.0,21.0
Latin America & Caribbean,GP,Guadeloupe,144906.33333333334,161170.66666666666,16264.333333333314,1671677374.0,1525974687.666667,0.001188745742581133,0.001066280349437887,9.641254297832391e-05,9.495985385898262e-05,16605.832823762303,2214.9882355733166,7014274.043280966,87423269.17943013,0.23674342806251167,0.0025336369325507707,10.0,23.0
Latin America & Caribbean,MQ,Martinique,129067.66666666667,143415.0,14347.333333333328,1671677374.0,1525974687.666667,0.0010577853538626127,0.0009497329312576587,8.579107561696292e-05,8.458047679940293e-05,14655.083585550115,1845.9560301921854,7014274.043280966,87423269.17943013,0.20893229285200723,0.002111515672564807,11.0,24.0
Latin America & Caribbean,VI,U.S. Virgin Islands,28212.0,41335.0,13123.0,1671677374.0,1525974687.666667,0.0003048743688032012,0.00020759548962668987,2.4726661162550378e-05,1.8487855813085815e-05,13213.347991339233,9519.758547411362,7014274.043280966,87423269.17943013,0.18837798337800069,0.01088927311545937,12.0,25.0
Latin America & Caribbean,GF,French Guiana,59952.333333333336,72648.33333333333,12695.999999999993,1671677374.0,1525974687.666667,0.0005358319770074891,0.00044115390587678484,4.3458345768896746e-05,3.928789502072612e-05,12854.167226352376,6363.200502457607,7014274.043280966,87423269.17943013,0.18325727148721108,0.007278611932708195,13.0,26.0
Latin America & Caribbean,GY,Guyana,92641.66666666667,104112.0,11470.333333333328,1671677374.0,1525974687.666667,0.0007678983980848889,0.000681695454115244,6.227996000859912e-05,6.070983183103969e-05,11698.09177319527,2395.116024155356,7014274.043280966,87423269.17943013,0.16677551662528747,0.0027396779445979635,14.0,27.0
Latin America & Caribbean,SR,Suriname,102111.66666666667,109462.66666666667,7351.0,1671677374.0,1525974687.666667,0.0008073632855332095,0.0007513796057799523,6.548073711420986e-05,6.69157014804769e-05,7596.469336625533,2190.0541229226305,7014274.043280966,87423269.17943013,0.10830015037553682,0.0025051157929448947,15.0,29.0
Latin America & Caribbean,BS,Bahamas,111964.33333333333,116413.33333333333,4449.0,1671677374.0,1525974687.666667,0.0008586292856000159,0.000823879576033576,6.963863670343207e-05,7.337233981550207e-05,4714.73675572339,5697.428220995973,7014274.043280966,87423269.17943013,0.06721631813401528,0.006517061503731232,16.0,30.0
Latin America & Caribbean,BB,Barbados,103552.33333333333,108000.66666666667,4448.333333333343,1671677374.0,1525974687.666667,0.0007965800188780678,0.0007619806231504158,6.460616644480986e-05,6.785979752499882e-05,4694.893737571947,4964.909140047472,7014274.043280966,87423269.17943013,0.06693342331084465,0.0056791620659453305,17.0,31.0
Latin America & Caribbean,LC,Saint Lucia,36090.333333333336,39995.333333333336,3905.0,1671677374.0,1525974687.666667,0.00029499339555034797,0.00026556750386799163,2.3925270483043182e-05,2.3650676269419803e-05,3996.732558066286,418.9204809910724,7014274.043280966,87423269.17943013,0.05697998871165849,0.00047918647394810585,18.0,32.0
Latin America & Caribbean,CW,Curaçao,62370.0,66131.0,3761.0,1671677374.0,1525974687.666667,0.00048776211160818914,0.0004589440907421185,3.9559666852319314e-05,4.087223759613506e-05,3912.7056651270063,2003.0166497043756,7014274.043280966,87423269.17943013,0.0557820473078753,0.002291171067503006,19.0,33.0
Latin America & Caribbean,KY,Cayman Islands,45043.333333333336,47879.666666666664,2836.3333333333285,1671677374.0,1525974687.666667,0.00035314583654306694,0.0003314473570732856,2.8641690921556173e-05,2.951774606576736e-05,2946.8206178882697,1336.8797520052494,7014274.043280966,87423269.17943013,0.04201176913968816,0.0015292035685160635,20.0,35.0
Latin America & Caribbean,AW,Aruba,50343.0,53167.333333333336,2824.3333333333358,1671677374.0,1525974687.666667,0.00039214605518203457,0.0003704444822868442,3.18047813293747e-05,3.299071760946332e-05,2947.019948710035,1809.738868314718,7014274.043280966,87423269.17943013,0.042014610928026275,0.002070088301777363,21.0,34.0
Latin America & Caribbean,GD,Grenada,23078.333333333332,25894.333333333332,2816.0,1671677374.0,1525974687.666667,0.00019098871490455286,0.00016981986063027403,1.5490030394664737e-05,1.5123667200942817e-05,2875.797778107803,559.0088851348717,7014274.043280966,87423269.17943013,0.04099922187760193,0.0006394280268649587,22.0,36.0
Latin America & Caribbean,TC,Turks and Caicos Islands,16331.0,18451.333333333332,2120.333333333332,1671677374.0,1525974687.666667,0.00013609141414243293,0.00012017020916962541,1.1037616241214576e-05,1.0702012380671504e-05,2163.1257749531733,512.0941120996592,7014274.043280966,87423269.17943013,0.030838911647959495,0.0005857640842149497,23.0,37.0
Latin America & Caribbean,SX,Sint Maarten,19273.333333333332,21063.666666666668,1790.3333333333358,1671677374.0,1525974687.666667,0.00015535918905724034,0.00014182110697829773,1.260031809622774e-05,1.2630178920466726e-05,1839.2714796757894,45.58884519343471,7014274.043280966,87423269.17943013,0.02622183661953789,5.214726653594571e-05,24.0,38.0
Latin America & Caribbean,MF,Saint Martin,6272.333333333333,7627.0,1354.666666666667,1671677374.0,1525974687.666667,5.6254428713245806e-05,4.615440626099323e-05,4.562483239065482e-06,4.110378359502289e-06,1372.4424484963117,689.891585987552,7014274.043280966,87423269.17943013,0.019566421842485415,0.0007891395419812063,25.0,39.0
Latin America & Caribbean,KN,St Kitts and Nevis,16956.0,18201.0,1245.0,1671677374.0,1525974687.666667,0.00013424503173066566,0.00012476921601127725,1.0887866452632863e-05,1.1111586671157063e-05,1287.4251858852508,341.40115258089196,7014274.043280966,87423269.17943013,0.01835436109198623,0.0003905151978247233,26.0,40.0
Latin America & Caribbean,BQ,"Bonaire, Sint Eustatius, and Saba",12119.0,13284.666666666666,1165.666666666666,1671677374.0,1525974687.666667,9.798365464523834e-05,8.917658226236547e-05,7.946908221219167e-06,7.941809322231213e-06,1196.6505556406214,7.771465551012351,7014274.043280966,87423269.17943013,0.01706021960728642,8.889470302308146e-06,27.0,41.0
Latin America & Caribbean,VC,St Vincent and Grenadines,19323.0,20359.0,1036.0,1671677374.0,1525974687.666667,0.00015016178237484875,0.000142186574721981,1.2178785402403849e-05,1.2662726424083978e-05,1083.5123252619392,738.4850154367384,7014274.043280966,87423269.17943013,0.015447248262275197,0.0008447236329278074,28.0,42.0
Latin America & Caribbean,VG,British Virgin Islands,13875.0,14841.666666666666,966.6666666666661,1671677374.0,1525974687.666667,0.0001094676123621026,0.00010209795188467042,8.878308038083589e-06,9.092549248779444e-06,1001.3207261999496,326.9322743445745,7014274.043280966,87423269.17943013,0.014275471987854874,0.00037396482356839,29.0,44.0
Latin America & Caribbean,AG,Antigua and Barbuda,27048.333333333332,28008.0,959.6666666666679,1671677374.0,1525974687.666667,0.00020657847638659875,0.0001990327520884464,1.675442907561899e-05,1.77252830941071e-05,1025.0533338678667,1481.4884763163134,7014274.043280966,87423269.17943013,0.014613819299657592,0.0016946157358582212,30.0,43.0
Latin America & Caribbean,FK,Falkland Islands,2080.3333333333335,2666.6666666666665,586.333333333333,1671677374.0,1525974687.666667,1.9668521030810123e-05,1.5307947572666143e-05,1.5952041393524695e-06,1.3632816783575379e-06,592.576560192113,353.9063871822389,7014274.043280966,87423269.17943013,0.008448152389479952,0.00040481943823888686,31.0,47.0
Latin America & Caribbean,BL,Saint Barthélemy,509.6666666666667,742.0,232.33333333333331,1671677374.0,1525974687.666667,5.472765976822917e-06,3.750336779139005e-06,4.438655517748247e-07,3.3399418141462513e-07,234.07409483113477,167.6607709463759,7014274.043280966,87423269.17943013,0.0033371107742127125,0.00019178048649984015,32.0,49.0
Latin America & Caribbean,BM,Bermuda,38886.333333333336,39103.666666666664,217.33333333332848,1671677374.0,1525974687.666667,0.0002884167338306708,0.00028614162087480525,2.3391874098947195e-05,2.5482947815336007e-05,309.0342091160028,3190.849330898805,7014274.043280966,87423269.17943013,0.0044057903527739885,0.0036498856206690355,33.0,48.0
Latin America & Caribbean,MS,Montserrat,1440.3333333333333,1540.6666666666667,100.33333333333348,1671677374.0,1525974687.666667,1.136348802555055e-05,1.0598564566814675e-05,9.216291915108894e-07,9.438776049003238e-07,103.950019589529,33.95057609801844,7014274.043280966,87423269.17943013,0.0014819783052118364,3.883471347695459e-05,34.0,51.0
Latin America & Caribbean,AI,Anguilla,5527.333333333333,5621.0,93.66666666666697,1671677374.0,1525974687.666667,4.145878376781889e-05,4.067239010574426e-05,3.3624909252375872e-06,3.622165805243501e-06,106.86180865742654,396.2561735556,7014274.043280966,87423269.17943013,0.0015234906420542606,0.000453261674237224,35.0,50.0
Latin America & Caribbean,DM,Dominica,18150.333333333332,17388.0,-762.3333333333321,1671677374.0,1525974687.666667,0.0001282485913813974,0.00013355761148521774,1.0401528590647779e-05,1.189425583532227e-05,721.2958971501415,2277.8289680346534,7014274.043280966,87423269.17943013,0.010283258006451532,0.0026055179466688318,36.0,46.0
Latin America & Caribbean,PY,Paraguay,1204375.6666666667,1200603.3333333333,-3772.3333333334886,1671677374.0,1525974687.666667,0.008855284466747776,0.008862291089470358,0.0007182027776451398,0.0007892500946449184,910.3486744065498,108328.13040823715,7014274.043280966,87423269.17943013,0.012978515934640174,0.12391223918417103,37.0,45.0
Latin America & Caribbean,TT,Trinidad and Tobago,372565.0,360202.3333333333,-12362.666666666686,1671677374.0,1525974687.666667,0.0026567426881925794,0.002741486374336017,0.00021547359492665678,0.0002441488728556046,11452.157309847167,43744.401048229876,7014274.043280966,87423269.17943013,0.16326931681286802,0.050037480248476596,38.0,28.0
Latin America & Caribbean,CR,Costa Rica,1391745.6666666667,1370274.3333333333,-21471.33333333349,1671677374.0,1525974687.666667,0.010106726078679745,0.01024103654854284,0.0008197002332181671,0.0009120371903381656,17848.715064546777,140757.74968439425,7014274.043280966,87423269.17943013,0.25446275629399195,0.16100719065481164,39.0,22.0
Latin America & Caribbean,NI,Nicaragua,652821.0,619147.3333333334,-33673.66666666663,1671677374.0,1525974687.666667,0.004566642130063752,0.004803725192598373,0.0003703748958758913,0.0004278059166225186,31910.780521771583,87588.31988903225,7014274.043280966,87423269.17943013,0.45494060147734317,0.10018879494115392,40.0,20.0
Latin America & Caribbean,PA,Panama,1263786.3333333333,1179906.0,-83880.33333333326,1671677374.0,1525974687.666667,0.008702627240767143,0.009299459189417708,0.0007058216007175557,0.000828183025280557,79624.56175257138,186506.5933827423,7014274.043280966,87423269.17943013,1.1351789402759997,0.21333747311593965,41.0,18.0
Latin America & Caribbean,HN,Honduras,992539.0,900577.6666666666,-91961.33333333337,1671677374.0,1525974687.666667,0.0066423865412667165,0.007303509842570011,0.0005387269581281457,0.0006504295307267965,88578.90021539798,170294.88712371275,7014274.043280966,87423269.17943013,1.262837745842686,0.19479354721246403,42.0,16.0
Latin America & Caribbean,BO,Bolivia,1955371.6666666667,1860724.0,-94647.66666666674,1671677374.0,1525974687.666667,0.013724133422449927,0.014388428276755398,0.0011130879851221818,0.001281391940816909,87679.04364109626,256393.12825738598,7014274.043280966,87423269.17943013,1.2500088120321557,0.29327790033927587,43.0,17.0
Latin America & Caribbean,SV,El Salvador,1015946.6666666666,860885.6666666666,-155061.0,1671677374.0,1525974687.666667,0.006349630439983623,0.007475753073205378,0.0005149831421159539,0.0006657690162738724,150910.17367091627,229862.38301544427,7014274.043280966,87423269.17943013,2.1514724508871224,0.2629304362247857,44.0,11.0
Latin America & Caribbean,CL,Chile,7899837.666666667,7744565.666666667,-155272.0,1671677374.0,1525974687.666667,0.05712155725849626,0.05813025196310201,0.0046328112033576325,0.00517691265164177,120242.60431989274,825267.3786275567,7014274.043280966,87423269.17943013,1.7142558670782786,0.943990526062064,45.0,13.0
Latin America & Caribbean,UY,Uruguay,1802966.6666666667,1633607.3333333333,-169359.3333333335,1671677374.0,1525974687.666667,0.012048990071907116,0.013266969656432285,0.0009772264425787062,0.001181518069230586,161285.50795580063,311210.01776105433,7014274.043280966,87423269.17943013,2.2993898864031044,0.35598075967888776,46.0,10.0
Latin America & Caribbean,AR,Argentina,14678603.333333334,14413895.666666666,-264707.6666666679,1671677374.0,1525974687.666667,0.1063125037709011,0.10801119544942916,0.008622414761872985,0.009619165672910376,177774.1851640646,1504103.3296138442,7014274.043280966,87423269.17943013,2.5344630686956986,1.7204839669479504,47.0,9.0
Latin America & Caribbean,PE,Peru,7323309.333333333,6928394.666666667,-394914.66666666605,1671677374.0,1525974687.666667,0.05110172857915727,0.053887919564052214,0.004144576444250341,0.004799102758730053,338055.3471309571,992360.5356150962,7014274.043280966,87423269.17943013,4.819534353020941,1.1351217415335335,48.0,7.0
Latin America & Caribbean,GT,Guatemala,2231920.3333333335,1731056.3333333333,-500864.00000000023,1671677374.0,1525974687.666667,0.012767744211631397,0.0164233870128349,0.0010355205856446158,0.0014626194991124734,482243.851692655,650270.2253499652,7014274.043280966,87423269.17943013,6.875178367953853,0.7438182436478452,49.0,5.0
Latin America & Caribbean,CO,Colombia,12192311.0,11156042.0,-1036269.0,1671677374.0,1525974687.666667,0.08228356751160039,0.08971603472727481,0.006673561641446252,0.007989851403526873,834177.3039560238,1985660.639375784,7014274.043280966,87423269.17943013,11.892567909505752,2.271318217693684,50.0,3.0
Latin America & Caribbean,BR,Brazil,41950970.666666664,39996619.666666664,-1954351.0,1671677374.0,1525974687.666667,0.2950028831531802,0.30869248177589576,0.0239260399696399,0.0274912624735689,709570.3510160706,5244114.872072055,7014274.043280966,87423269.17943013,10.116091082808124,5.998534396270262,51.0,4.0
Latin America & Caribbean,VI,United States Virgin Islands,,52168.0,,1671677374.0,1525974687.666667,0.0003847752769257385,,3.120697857815237e-05,,,,7014274.043280966,87423269.17943013,,,,
Latin America & Caribbean,VC,Saint Vincent and the Grenadines,,19866.0,,1671677374.0,1525974687.666667,0.00014652556454927774,,1.1883872037141061e-05,,,,7014274.043280966,87423269.17943013,,,,
Latin America & Caribbean,KN,Saint Kitts and Nevis,,17555.5,,1671677374.0,1525974687.666667,0.00012948402035864519,,1.0501727350650856e-05,,,,7014274.043280966,87423269.17943013,,,,
Middle East & North Africa,IR,Iran,18467172.333333332,21554081.0,3086908.666666668,1671677374.0,1525974687.666667,0.2722829687782022,0.27551166959388973,0.012893684711676907,0.012101886409119317,997303.104221046,1153840.2646520005,3285029.3601501803,87423269.17943013,30.35903168230596,1.319831980069087,1.0,1.0
Middle East & North Africa,DZ,Algeria,4327331.333333333,6168188.666666667,1840857.333333334,1671677374.0,1525974687.666667,0.0779199411073968,0.06455943871713582,0.003689820035015122,0.0028357818568734952,694281.4804060373,1292752.503706805,3285029.3601501803,87423269.17943013,21.134711574519905,1.4787281645273653,2.0,2.0
Middle East & North Africa,EG,Egypt,9861333.333333334,11672188.666666666,1810855.333333332,1671677374.0,1525974687.666667,0.1474494868187275,0.14712119224579417,0.006982321378638619,0.0064623177651865725,248241.9732939372,775740.4487486818,3285029.3601501803,87423269.17943013,7.556765741740233,0.8873386411076998,3.0,4.0
Middle East & North Africa,SA,Saudi Arabia,10537474.0,11956353.333333334,1418879.333333334,1671677374.0,1525974687.666667,0.15103921068873935,0.1572085321260537,0.007152309123335263,0.006905405499296067,562818.5718790344,364018.67645744944,3285029.3601501803,87423269.17943013,17.132832318226352,0.41638648368356784,4.0,3.0
Middle East & North Africa,AE,United Arab Emirates,4542070.0,5505183.333333333,963113.333333333,1671677374.0,1525974687.666667,0.06954449422679068,0.06776312401945521,0.003293209215460335,0.0029765041561372,44332.48331925727,478673.67372940824,3285029.3601501803,87423269.17943013,1.3495308095885796,0.5475357741964145,5.0,10.0
Middle East & North Africa,MA,Morocco,5021113.333333333,5831526.333333333,810413.0,1671677374.0,1525974687.666667,0.0736670379288388,0.07490996957827747,0.0034884281046285988,0.0032904302895161402,136771.8417778154,298318.417119928,3285029.3601501803,87423269.17943013,4.1634891741595474,0.3412345705210936,6.0,7.0
Middle East & North Africa,IQ,Iraq,3130065.0,3529860.6666666665,399795.6666666665,1671677374.0,1525974687.666667,0.044591135279365604,0.04669742711670143,0.0021115681300515506,0.0020511906424778978,152416.38819213418,91101.33649339463,3285029.3601501803,87423269.17943013,4.639726817697794,0.10420719489043075,7.0,5.0
Middle East & North Africa,TN,Tunisia,1953603.6666666667,2345840.3333333335,392236.66666666674,1671677374.0,1525974687.666667,0.02963394125871789,0.02914580522739539,0.0014032853287474917,0.0012802333370639833,20141.95130898151,186983.40979412937,3285029.3601501803,87423269.17943013,0.6131437226503414,0.21388288444162282,8.0,14.0
Middle East & North Africa,JO,Jordan,1815229.6666666667,2183946.3333333335,368716.66666666674,1671677374.0,1525974687.666667,0.02758880748811648,0.02708140407922548,0.0013064400866463683,0.001189554244469345,22917.053235945335,177670.95562645755,3285029.3601501803,87423269.17943013,0.6976209562674242,0.20323073855977677,9.0,13.0
Middle East & North Africa,OM,Oman,872040.0,1107091.6666666667,235051.66666666674,1671677374.0,1525974687.666667,0.013985388925169569,0.013009961244526334,0.0006622639534909843,0.0005714642628400451,61243.68927111449,138323.18237302027,3285029.3601501803,87423269.17943013,1.8643269985360083,0.15822238595209892,10.0,9.0
Middle East & North Africa,KW,Kuwait,1274058.0,1487826.3333333333,213768.33333333326,1671677374.0,1525974687.666667,0.018795037982198684,0.019007666165862497,0.0008900200220891027,0.0008349142422199237,17999.06114087242,83829.55916805478,3285029.3601501803,87423269.17943013,0.5479117282546774,0.09588929807234788,11.0,15.0
Middle East & North Africa,SY,Syria,854258.0,1024929.3333333334,170671.33333333337,1671677374.0,1525974687.666667,0.012947469282864046,0.012744671658211294,0.0006131143181539127,0.0005598113827865824,11210.245501466658,81188.75465175232,3285029.3601501803,87423269.17943013,0.3412525208284337,0.09286858683483695,12.0,17.0
Middle East & North Africa,QA,Qatar,887804.0,1034316.3333333334,146512.33333333337,1671677374.0,1525974687.666667,0.013066051013531244,0.013245144296976579,0.0006187296361249508,0.0005817947094243881,13759.716991108715,56238.32073752682,3285029.3601501803,87423269.17943013,0.4188613093698398,0.06432877798484246,13.0,16.0
Middle East & North Africa,LB,Lebanon,793805.0,907057.0,113252.0,1671677374.0,1525974687.666667,0.011458441341621094,0.011842773594916776,0.0005426029053857374,0.0005201953914542246,26753.8745248175,34114.06101218959,3285029.3601501803,87423269.17943013,0.8144181251273324,0.03902171736700085,14.0,12.0
Middle East & North Africa,YE,Yemen,767128.3333333334,863239.6666666666,96111.33333333326,1671677374.0,1525974687.666667,0.01090491676296037,0.011444784512458998,0.0005163913085699673,0.000502713668538193,36820.53891192569,20811.608913113883,3285029.3601501803,87423269.17943013,1.1208587466092654,0.02380557156973793,15.0,11.0
Middle East & North Africa,BH,Bahrain,477005.0,553277.3333333334,76272.33333333337,1671677374.0,1525974687.666667,0.006989302623372667,0.007116435672039452,0.0003309713596287111,0.0003125903750929037,8994.002586011151,28014.905356640636,3285029.3601501803,87423269.17943013,0.2737875860445879,0.03204513583121904,16.0,18.0
Middle East & North Africa,PS,Palestine,780480.6666666666,813023.0,32542.333333333372,1671677374.0,1525974687.666667,0.010270552297031835,0.011643987919631449,0.00048635162062078615,0.0005114637044603157,91321.80878079875,38316.63181430423,3285029.3601501803,87423269.17943013,2.7799388915240573,0.04382887093327754,17.0,8.0
Middle East & North Africa,IO,British Indian Ocean Territory,694.6666666666666,764.0,69.33333333333337,1671677374.0,1525974687.666667,9.651266882895469e-06,1.0363729199575279e-05,4.570259859244826e-07,4.5522817139835104e-07,47.755553894003306,2.7433865239793227,3285029.3601501803,87423269.17943013,0.001453732939903468,3.1380507154779516e-06,18.0,19.0
Middle East & North Africa,LY,Libya,665973.0,621898.6666666666,-44074.33333333337,1671677374.0,1525974687.666667,0.007856164929472314,0.009935648502248677,0.00037202074774666816,0.00043642467033206436,137653.81925398242,98219.46781177909,3285029.3601501803,87423269.17943013,4.190337563609762,0.11234934215304912,19.0,6.0
North America,US,United States,270928450.6666667,298060628.6666667,27132178.0,1671677374.0,1525974687.666667,0.8789407060957796,0.8776069815981957,0.17830033073514978,0.17754452472664353,23797181.864931062,3889104.824087197,24554214.53529928,87423269.17943013,96.91689314972832,4.448592303389024,1.0,1.0
North America,CA,Canada,37784283.333333336,41052836.666666664,3268553.3333333284,1671677374.0,1525974687.666667,0.1210592939042204,0.12239301840180436,0.024557870618560317,0.024760753660408627,757032.6703682179,382197.3059504777,24554214.53529928,87423269.17943013,3.083106850271685,0.4371802948320825,2.0,2.0
Northern & Western Europe,DE,Germany,78698654.33333333,88330846.0,9632191.666666672,1671677374.0,1525974687.666667,0.2223878785357558,0.2204253582310357,0.052839649189389576,0.05157271281718941,1595850.0731715024,1324645.018651947,9635083.84802429,87423269.17943013,16.562907996890317,1.515208743719256,1.0,2.0
Northern & Western Europe,FR,France,59747807.666666664,66782967.333333336,7035159.666666672,1671677374.0,1525974687.666667,0.16813744122390362,0.16734634181496813,0.03994967472314029,0.03915386549302838,947693.3011319053,885784.5442334989,9635083.84802429,87423269.17943013,9.835859407972182,1.013213704483515,2.0,3.0
Northern & Western Europe,IT,Italy,40509414.666666664,47262390.666666664,6752976.0,1671677374.0,1525974687.666667,0.11899108036266408,0.11346194309509951,0.028272435460185073,0.026546583632136574,946546.5873562446,2372769.8787854332,9635083.84802429,87423269.17943013,9.8239579674269,2.7141170778176797,3.0,4.0
Northern & Western Europe,ES,Spain,26877281.0,30326116.333333332,3448835.333333332,1671677374.0,1525974687.666667,0.07635113871317992,0.0752799948472801,0.018141129864531702,0.01761318927320966,90319.47173189704,728868.6016615529,9635083.84802429,87423269.17943013,0.9374020315393247,0.8337237997421502,4.0,13.0
Northern & Western Europe,GB,United Kingdom,59609479.0,62716802.0,3107323.0,1671677374.0,1525974687.666667,0.15790018070614933,0.16695890004532268,0.03751728830900597,0.039063216108222276,3184903.6429258417,2383473.0727416263,9635083.84802429,87423269.17943013,33.05527687316305,2.726360035621312,5.0,1.0
Northern & Western Europe,NL,Netherlands,18674787.333333332,20933753.0,2258965.666666668,1671677374.0,1525974687.666667,0.05270427184023024,0.05230580780203863,0.012522603539168318,0.012237940435229973,15765.584893808613,400784.53674258513,9635083.84802429,87423269.17943013,0.1636268572487971,0.45844148875284335,6.0,19.0
Northern & Western Europe,BE,Belgium,9976927.666666666,11749106.666666666,1772179.0,1671677374.0,1525974687.666667,0.02958036772669771,0.02794416084492895,0.007028333845635136,0.006538068912481214,515430.3193863505,730785.0748216717,9635083.84802429,87423269.17943013,5.349515660852722,0.8359159771545338,7.0,6.0
Northern & Western Europe,CH,Switzerland,8548424.666666666,9781208.333333334,1232783.666666668,1671677374.0,1525974687.666667,0.024625850076951103,0.023943097698722896,0.0058511340079508275,0.005601943948190823,207568.86301093388,370914.35872189136,9635083.84802429,87423269.17943013,2.1543026120472906,0.4242741803221928,8.0,10.0
Northern & Western Europe,IL,Israel,7788549.0,8835534.333333334,1046985.333333334,1671677374.0,1525974687.666667,0.022244955472517876,0.02181477838430861,0.005285430353221574,0.005103983088939236,126945.89658436748,269936.9534722561,9635083.84802429,87423269.17943013,1.3175380576516542,0.30877014324210345,9.0,12.0
Northern & Western Europe,AT,Austria,7589507.666666667,8549943.666666666,960435.9999999991,1671677374.0,1525974687.666667,0.021525932556224144,0.02125728782015039,0.005114589573111412,0.004973547548335556,73201.29823569607,209243.88422561166,9635083.84802429,87423269.17943013,0.7597370130899928,0.23934575564333252,10.0,14.0
Northern & Western Europe,DK,Denmark,4293277.0,5023962.666666667,730685.666666667,1671677374.0,1525974687.666667,0.01264867766898597,0.012024946661752954,0.0030053422656821024,0.0028134654098127617,210771.15796359046,289779.48419658176,9635083.84802429,87423269.17943013,2.1875383887480115,0.3314672248206936,11.0,9.0
Northern & Western Europe,SE,Sweden,9903938.0,10633506.0,729568.0,1671677374.0,1525974687.666667,0.02677165393318242,0.02773972566673621,0.006360979795135996,0.0064902374069807705,355575.49928816885,200604.4517968078,9635083.84802429,87423269.17943013,3.690424545304615,0.22946345255641407,12.0,8.0
Northern & Western Europe,PT,Portugal,5604175.333333333,6195761.333333333,591586.0,1671677374.0,1525974687.666667,0.015598879454113524,0.015696613441537763,0.0037063140470149913,0.0036725218174506876,43574.40948955917,49184.10587374864,9635083.84802429,87423269.17943013,0.4522473304525966,0.05625974221211256,13.0,16.0
Northern & Western Europe,NO,Norway,5095798.333333333,5464238.0,368439.666666667,1671677374.0,1525974687.666667,0.013757145455557635,0.014272711301270087,0.0032687156535026476,0.003339372778932003,186514.37372770617,108665.25495228854,9635083.84802429,87423269.17943013,1.9357836077986146,0.12429786253961828,14.0,11.0
Northern & Western Europe,FI,Finland,6730671.0,7026267.333333333,295596.333333333,1671677374.0,1525974687.666667,0.017689819095416365,0.01885179078191494,0.0042031240253738895,0.004410735678906781,412267.9424071477,316655.19047056464,9635083.84802429,87423269.17943013,4.278820495077319,0.36220927613751447,15.0,7.0
Northern & Western Europe,LU,Luxembourg,700327.0,846159.3333333334,145832.33333333337,1671677374.0,1525974687.666667,0.0021303495615023257,0.001961530742317689,0.0005061738266568974,0.00045893749461260985,59844.625297847386,71974.54964887544,9635083.84802429,87423269.17943013,0.6211116191803432,0.08232882426434171,16.0,15.0
Northern & Western Europe,IS,Iceland,418422.0,429935.3333333333,11513.333333333314,1671677374.0,1525974687.666667,0.0010824350837482415,0.0011719491269964633,0.00025718798377020644,0.00027419983003767876,31934.28327586053,25955.489754886978,9635083.84802429,87423269.17943013,0.3314375233216966,0.029689452245963432,17.0,17.0
Northern & Western Europe,AD,Andorra,54660.0,65978.66666666667,11318.666666666672,1671677374.0,1525974687.666667,0.00016611247795156165,0.00015309601139908198,3.946854081585881e-05,3.5819729148705183e-05,4644.6885434983205,5567.348068836201,9635083.84802429,87423269.17943013,0.04820600024618085,0.00636826799214018,18.0,24.0
Northern & Western Europe,LI,Liechtenstein,29980.333333333332,39158.666666666664,9178.333333333332,1671677374.0,1525974687.666667,9.858858145985396e-05,8.397126699136988e-05,2.342477518432134e-05,1.964667800563296e-05,5217.489186280357,5764.952393215632,9635083.84802429,87423269.17943013,0.05415094739782905,0.006594299718286068,19.0,23.0
Northern & Western Europe,MT,Malta,341864.6666666667,350103.0,8238.333333333314,1671677374.0,1525974687.666667,0.0008814436515076933,0.0009575213484256013,0.00020943215804989415,0.00022403036526733229,27143.338603227337,22273.22945980786,9635083.84802429,87423269.17943013,0.2817135691952819,0.02547746117122847,20.0,18.0
Northern & Western Europe,GG,Guernsey,43614.333333333336,48716.666666666664,5102.3333333333285,1671677374.0,1525974687.666667,0.00012265246671965045,0.00012215844261184342,2.914238562079543e-05,2.8581295408001175e-05,175.73448979350877,856.0362964804019,9635083.84802429,87423269.17943013,0.001823902028932979,0.0009791858672356982,21.0,31.0
Northern & Western Europe,MC,Monaco,37761.0,40365.666666666664,2604.6666666666642,1671677374.0,1525974687.666667,0.00010162740856893268,0.00010576396791878403,2.4146804457895754e-05,2.4745495652840404e-05,1476.987830478141,913.6278964129116,9635083.84802429,87423269.17943013,0.015329268055939158,0.0010450626074595248,22.0,27.0
Northern & Western Europe,GI,Gibraltar,26482.666666666668,28733.666666666668,2251.0,1671677374.0,1525974687.666667,7.234187672733897e-05,7.417472809875757e-05,1.718852400204028e-05,1.735459105626497e-05,654.4987968309514,253.44841467133074,9635083.84802429,87423269.17943013,0.0067928707954644195,0.000289909559606088,23.0,29.0
Northern & Western Europe,SM,San Marino,16457.333333333332,18442.0,1984.6666666666679,1671677374.0,1525974687.666667,4.643086126398482e-05,4.609498886934672e-05,1.1032033026726843e-05,1.0784800997254983e-05,119.81913121779925,377.2438552663844,9635083.84802429,87423269.17943013,0.0012435712351623034,0.0004315142396380966,24.0,32.0
Northern & Western Europe,VA,Vatican City,1772.3333333333333,2905.6666666666665,1133.3333333333333,1671677374.0,1525974687.666667,7.315508398188116e-06,4.964090087869977e-06,1.7381743103419348e-06,1.1614434680062536e-06,839.5164337403887,880.0736749107438,9635083.84802429,87423269.17943013,0.008713120165659323,0.0010066812682381556,25.0,28.0
Northern & Western Europe,SJ,Svalbard and Jan Mayen,15.333333333333334,16.333333333333332,0.9999999999999982,1671677374.0,1525974687.666667,4.1121935472205765e-08,4.2946801587741015e-08,9.770625353533877e-09,1.0048222593245753e-08,0.6515335244556001,0.42360636668059276,9635083.84802429,87423269.17943013,6.762095013726316e-06,4.845464721882803e-07,26.0,33.0
Northern & Western Europe,PM,Saint Pierre and Miquelon,3646.6666666666665,3593.6666666666665,-53.0,1671677374.0,1525974687.666667,9.04766502705817e-06,1.021386976891058e-05,2.149736978294872e-06,2.3897294602197507e-06,416.3663449686196,366.22146353902093,9635083.84802429,87423269.17943013,0.0043213567368590895,0.00041890616420140625,27.0,30.0
Northern & Western Europe,FO,Faroe Islands,36207.333333333336,35331.333333333336,-876.0,1671677374.0,1525974687.666667,8.89526209885914e-05,0.00010141233656660011,2.1135258443315712e-05,2.37273485765987e-05,4447.973862761827,3955.351564382473,9635083.84802429,87423269.17943013,0.046164350335922616,0.004524369314380582,28.0,25.0
Northern & Western Europe,JE,Jersey,76012.0,75109.66666666667,-902.3333333333285,1671677374.0,1525974687.666667,0.00018910131832687048,0.00021290036623613284,4.493071918951909e-05,4.9812097549421486e-05,8495.014801376366,7448.448232317382,9635083.84802429,87423269.17943013,0.08816752334872832,0.008519983640774133,29.0,22.0
Northern & Western Europe,AX,Åland Islands,24388.0,22962.0,-1426.0,1671677374.0,1525974687.666667,5.781072748853809e-05,6.830782155142355e-05,1.3735904042929279e-05,1.598191647417896e-05,3747.44803755711,3427.283755121347,9635083.84802429,87423269.17943013,0.03889377712395869,0.0039203335534010834,30.0,26.0
Northern & Western Europe,IM,Isle of Man,73376.0,71240.33333333333,-2135.6666666666715,1671677374.0,1525974687.666667,0.00017935961573582222,0.00020551725086752725,4.261607798331865e-05,4.8084677021869585e-05,9336.78046702022,8344.451432166736,9635083.84802429,87423269.17943013,0.0969039877004782,0.009544886058928241,31.0,21.0
Northern & Western Europe,GL,Greenland,34956.333333333336,27044.333333333332,-7912.000000000004,1671677374.0,1525974687.666667,6.808869368707083e-05,9.790843773271332e-05,1.617796217976049e-05,2.2907544676762802e-05,10644.987635659416,10268.809307424448,9635083.84802429,87423269.17943013,0.11048152567807919,0.011746082483312808,32.0,20.0
Northern & Western Europe,IE,Ireland,5462220.0,5451712.333333333,-10507.666666666977,1671677374.0,1525974687.666667,0.013725609966389489,0.0152990138196907,0.0032612227802595916,0.003579495809561662,553015.222447927,483903.8413339356,9635083.84802429,87423269.17943013,5.7395994800950785,0.5535183548681495,33.0,5.0
Northern & Western Europe,AX,Åland,,22806.0,,1671677374.0,1525974687.666667,5.7417971043619885e-05,,1.364258460077716e-05,,,,9635083.84802429,87423269.17943013,,,,
South Asia,IN,India,139651280.0,142727465.66666666,3076185.6666666567,1671677374.0,1525974687.666667,0.8678014890784609,0.8701780845966357,0.08537979151153281,0.09151611827424057,2719033.8764193887,8769577.519103946,3469493.3909124816,87423269.17943013,78.36976670834007,10.031170878665042,1.0,1.0
South Asia,BD,Bangladesh,6608985.666666667,7119286.0,510300.333333333,1671677374.0,1525974687.666667,0.043286181556703086,0.041181108318854076,0.004258767936162783,0.004330992984406783,301833.14141598897,111909.51182464267,3469493.3909124816,87423269.17943013,8.699631542938505,0.12800883892245696,2.0,2.0
South Asia,PK,Pakistan,9156226.0,9616814.666666666,460588.66666666605,1671677374.0,1525974687.666667,0.058471479535798725,0.05705316272657089,0.005752793461369578,0.006000247627960707,187702.06567570867,377992.71977174457,3469493.3909124816,87423269.17943013,5.410071284970592,0.4323708359566616,3.0,4.0
South Asia,MV,Maldives,138295.66666666666,178293.33333333334,39997.666666666686,1671677374.0,1525974687.666667,0.0010840465739143574,0.0008617311515369912,0.00010665534875710614,9.062775928356413e-05,35604.37760306318,24451.213329678707,3469493.3909124816,87423269.17943013,1.026212578940788,0.027968770281850602,4.0,5.0
South Asia,LK,Sri Lanka,2254673.6666666665,2293245.0,38571.33333333349,1671677374.0,1525974687.666667,0.013943226810104492,0.014049048549003441,0.0013718227187060079,0.0014775301876823635,17282.10834651535,161121.4991399146,3469493.3909124816,87423269.17943013,0.4981161915967832,0.18430047360643084,5.0,6.0
South Asia,AF,Afghanistan,515089.3333333333,532771.3333333334,17682.00000000006,1671677374.0,1525974687.666667,0.003239318755121433,0.003209562056832977,0.00031870463859812545,0.0003375477571786886,4702.924382985101,28750.051436672962,3469493.3909124816,87423269.17943013,0.1355507520291954,0.03288604018875741,6.0,8.0
South Asia,BT,Bhutan,97620.0,84052.0,-13568.0,1671677374.0,1525974687.666667,0.0005110470533427098,0.0006082778805774181,5.028003687032017e-05,6.397222757952068e-05,15587.747561960827,20891.91760974739,3469493.3909124816,87423269.17943013,0.4492802206451596,0.02389743349321357,7.0,7.0
South Asia,NP,Nepal,2063691.6666666667,1918250.3333333333,-145441.3333333335,1671677374.0,1525974687.666667,0.011663210636554407,0.012859024719988524,0.0011475003270178456,0.0013523760802495424,187747.1495068706,312045.5191860035,3469493.3909124816,87423269.17943013,5.411370720538909,0.35693645652343653,8.0,3.0
Sub-Saharan Africa,ET,Ethiopia,605472.6666666666,849362.0,243889.33333333337,1671677374.0,1525974687.666667,0.02469856889031001,0.017493565732081568,0.0005080896668282597,0.00039677766057344047,238987.3935517954,169667.98995087243,2544833.4853728516,87423269.17943013,9.391081771182392,0.1940764644738242,1.0,2.0
Sub-Saharan Africa,AO,Angola,517607.6666666667,727846.6666666666,210238.99999999994,1671677374.0,1525974687.666667,0.021165028619421603,0.014954933952861127,0.00043539900580521145,0.0003391980685198185,207274.49582776235,146658.86303305722,2544833.4853728516,87423269.17943013,8.144913882151071,0.16775723947368085,2.0,3.0
Sub-Saharan Africa,NG,Nigeria,5609533.333333333,5771204.0,161670.66666666698,1671677374.0,1525974687.666667,0.16782064605437103,0.1620729481203709,0.0034523431911928242,0.003676033015928162,139560.93502149437,340648.3575318204,2544833.4853728516,87423269.17943013,5.484089070018145,0.3896541055135602,3.0,4.0
Sub-Saharan Africa,CI,Ivory Coast,818643.6666666666,930577.6666666666,111934.0,1671677374.0,1525974687.666667,0.02706023651629177,0.02365259008772035,0.000556673004695861,0.0005364726382967964,112123.99957621374,30746.400268440393,2544833.4853728516,87423269.17943013,4.405946409487224,0.03516958420456179,4.0,5.0
Sub-Saharan Africa,CD,DR Congo,781391.3333333334,892434.0,111042.66666666663,1671677374.0,1525974687.666667,0.02595105812251422,0.02257628032558397,0.0005338554040870807,0.0005120604815065058,111286.28984899292,33182.18908631255,2544833.4853728516,87423269.17943013,4.373028352882115,0.037955786139967425,5.0,6.0
Sub-Saharan Africa,SN,Senegal,514782.3333333333,616496.3333333334,101714.00000000006,1671677374.0,1525974687.666667,0.017927076039965125,0.014873303258194411,0.0003687890635608575,0.00033734657428720214,102299.16666027934,47926.745700023625,2544833.4853728516,87423269.17943013,4.019876634297397,0.0548214979259782,6.0,7.0
Sub-Saharan Africa,TZ,Tanzania,926947.6666666666,1005668.6666666666,78721.0,1671677374.0,1525974687.666667,0.02924380516728189,0.02678175387553906,0.0006015925574564047,0.0006074462926275934,80630.16592757094,8974.58356109534,2544833.4853728516,87423269.17943013,3.1683867094258056,0.01026566913515398,7.0,8.0
Sub-Saharan Africa,SD,Sudan,343031.3333333333,410670.0,67638.66666666669,1671677374.0,1525974687.666667,0.011941859049714506,0.00991100260704901,0.00024566343146545453,0.00022479490394290529,68785.92590361982,31821.06986251149,2544833.4853728516,87423269.17943013,2.7029637223412193,0.03639885600388722,8.0,9.0
Sub-Saharan Africa,GA,Gabon,152211.33333333334,218126.66666666666,65915.33333333331,1671677374.0,1525974687.666667,0.0063428979675101485,0.004397752551727266,0.00013048371058868363,9.974695816617785e-05,66609.57893003644,46890.226818474344,2544833.4853728516,87423269.17943013,2.6174435110546046,0.05363586520910747,9.0,10.0
Sub-Saharan Africa,CM,Cameroon,819038.6666666666,879684.3333333334,60645.666666666744,1671677374.0,1525974687.666667,0.025580310996441764,0.023664002590455136,0.0005262285336963192,0.0005367314892483833,63204.79817973101,16050.555471671409,2544833.4853728516,87423269.17943013,2.4836516236924115,0.018359591928241405,10.0,11.0
Sub-Saharan Africa,SO,Somalia,248311.33333333334,286388.3333333333,38076.99999999997,1671677374.0,1525974687.666667,0.008327876665325739,0.0071743133436590325,0.00017131794554834558,0.00016272310107123765,39322.62551979691,13106.857645793807,2544833.4853728516,87423269.17943013,1.5451944398647217,0.014992413082714741,11.0,15.0
Sub-Saharan Africa,RE,Réunion,335483.6666666667,368979.3333333333,33495.66666666663,1671677374.0,1525974687.666667,0.01072953756282244,0.00969293231217662,0.000220724009950818,0.0002198487755911909,35170.95684376419,1327.8985538722811,2544833.4853728516,87423269.17943013,1.382053366002891,0.0015189303332352655,12.0,16.0
Sub-Saharan Africa,MR,Mauritania,144596.66666666666,172970.33333333334,28373.666666666686,1671677374.0,1525974687.666667,0.005029798476754575,0.004177746465251756,0.00010347112189444118,9.475692345052336e-05,29224.59391656675,13293.450349552924,2544833.4853728516,87423269.17943013,1.1483892397889037,0.015205849054064828,13.0,17.0
Sub-Saharan Africa,ML,Mali,231082.66666666666,258392.33333333334,27309.666666666686,1671677374.0,1525974687.666667,0.007513781927565963,0.006676535608342399,0.0001545706948913537,0.00015143283078961807,28579.397392010138,4783.354812428275,2544833.4853728516,87423269.17943013,1.123036047595188,0.005471489292639898,14.0,18.0
Sub-Saharan Africa,TG,Togo,186255.66666666666,208133.66666666666,21878.0,1671677374.0,1525974687.666667,0.006052311858264776,0.005381375456209981,0.00012450588247697768,0.0001220568520382641,22964.51143575222,3733.9783733082318,2544833.4853728516,87423269.17943013,0.9023974090150586,0.004271149327125371,15.0,20.0
Sub-Saharan Africa,UG,Uganda,657564.3333333334,678527.0,20962.666666666628,1671677374.0,1525974687.666667,0.019730863699383042,0.01899861962649412,0.00040589590464840494,0.00043091431243777705,24448.71034630305,38169.51446021586,2544833.4853728516,87423269.17943013,0.9607194532305909,0.04366058924412402,16.0,19.0
Sub-Saharan Africa,CG,Congo Republic,119075.66666666667,139381.0,20305.33333333333,1671677374.0,1525974687.666667,0.0040530553880445555,0.0034403832189365572,8.337793055515746e-05,7.803253070255219e-05,21050.043731351252,8154.615346809165,2544833.4853728516,87423269.17943013,0.8271678226627525,0.009327740112386313,17.0,23.0
Sub-Saharan Africa,RW,Rwanda,199829.66666666666,219862.33333333334,20032.666666666686,1671677374.0,1525974687.666667,0.006393369359846139,0.005773561056518845,0.0001315219890828847,0.00013095215030874572,21200.354304506152,866.81093852815,2544833.4853728516,87423269.17943013,0.833074322008146,0.0009915105516691228,18.0,22.0
Sub-Saharan Africa,TD,Chad,69539.66666666667,88374.66666666667,18835.0,1671677374.0,1525974687.666667,0.0025698439450138463,0.0020091686987582843,5.2865862780210526e-05,4.557065541696382e-05,19318.230531562695,11130.798742780195,2544833.4853728516,87423269.17943013,0.7591157002059142,0.012732077909297822,19.0,24.0
Sub-Saharan Africa,CV,Cabo Verde,48671.666666666664,66744.0,18072.333333333336,1671677374.0,1525974687.666667,0.001940846520111391,0.0014062418454176794,3.992636440385296e-05,3.1895461346799534e-05,18442.19416700372,12253.842344165467,2544833.4853728516,87423269.17943013,0.7246915868171899,0.014016682811318019,20.0,25.0
Sub-Saharan Africa,LR,Liberia,93439.66666666667,111068.33333333333,17628.666666666657,1671677374.0,1525974687.666667,0.0032297523109878342,0.002699697345242876,6.644124940661745e-05,6.123277628513166e-05,18239.35478550762,7946.340196148489,2544833.4853728516,87423269.17943013,0.7167209520915007,0.009089502452532611,21.0,26.0
Sub-Saharan Africa,BJ,Benin,255767.0,271853.6666666667,16086.666666666686,1671677374.0,1525974687.666667,0.007905223584584713,0.00738972553662864,0.00016262328538680496,0.0001676089400873926,17582.97122169258,7609.323775181506,2544833.4853728516,87423269.17943013,0.6909281618131664,0.008704002774780593,22.0,27.0
Sub-Saharan Africa,MG,Madagascar,227996.0,243783.0,15787.0,1671677374.0,1525974687.666667,0.007088957617348604,0.006587354363343134,0.00014583136901391116,0.00014941007989367338,17134.795410710583,5462.508525051327,2544833.4853728516,87423269.17943013,0.6733169580327222,0.0062483462084218224,23.0,28.0
Sub-Saharan Africa,NE,Niger,108511.0,121437.66666666667,12926.666666666672,1671677374.0,1525974687.666667,0.0035312818045134704,0.003135144517099979,7.264420070248954e-05,7.110930533580586e-05,13622.139533150188,2341.1058773772675,2544833.4853728516,87423269.17943013,0.5352860849814842,0.002677897886170685,24.0,31.0
Sub-Saharan Africa,GM,Gambia,55299.0,68141.66666666667,12842.666666666672,1671677374.0,1525974687.666667,0.0019814892218714846,0.0015977214904582184,4.076245077339108e-05,3.623847790329762e-05,13235.978184570422,6902.694417709805,2544833.4853728516,87423269.17943013,0.5201117582210365,0.007895717561811271,25.0,32.0
Sub-Saharan Africa,GQ,Equatorial Guinea,24046.333333333332,35258.666666666664,11212.333333333332,1671677374.0,1525974687.666667,0.0010252855762880183,0.0006947565694386602,2.1091789130518355e-05,1.5758015862046855e-05,11420.549698325683,8138.838251580349,2544833.4853728516,87423269.17943013,0.44877394784250185,0.009309693320751886,26.0,33.0
Sub-Saharan Africa,DJ,Djibouti,29880.0,40002.666666666664,10122.666666666664,1671677374.0,1525974687.666667,0.001163236191944983,0.0008633052701656733,2.3929657294426397e-05,1.9580927679533677e-05,10360.221234229453,6635.679143847571,2544833.4853728516,87423269.17943013,0.40710802077140795,0.007590289411653441,27.0,34.0
Sub-Saharan Africa,BW,Botswana,136200.33333333334,145249.33333333334,9049.0,1671677374.0,1525974687.666667,0.00422370045470004,0.003935156143406563,8.688837666432e-05,8.925464782223495e-05,9909.334286469959,3611.3338571338836,2544833.4853728516,87423269.17943013,0.38939028205289866,0.004130861143755531,28.0,35.0
Sub-Saharan Africa,SZ,Eswatini,46826.333333333336,53255.333333333336,6429.0,1671677374.0,1525974687.666667,0.0015486100380164834,0.0013529257144980324,3.185742306597334e-05,3.0686179601664565e-05,6753.742955002464,1787.0282232204374,2544833.4853728516,87423269.17943013,0.2653903681251252,0.0020441104982618385,29.0,37.0
Sub-Saharan Africa,BI,Burundi,67881.0,73736.66666666667,5855.6666666666715,1671677374.0,1525974687.666667,0.0021441860377653965,0.0019612458180761736,4.410938845826998e-05,4.448369985992054e-05,6306.80008111845,571.4226054672117,2544833.4853728516,87423269.17943013,0.24782761298012476,0.0006536275877471556,30.0,39.0
Sub-Saharan Africa,MW,Malawi,168904.66666666666,174346.0,5441.333333333343,1671677374.0,1525974687.666667,0.005069801441258249,0.004880063215826963,0.00010429404782982963,0.00011068641441552017,6507.426622929058,9754.077402181523,2544833.4853728516,87423269.17943013,0.25571129350239724,0.011157301132450176,31.0,38.0
Sub-Saharan Africa,KM,Comoros,12462.333333333334,17579.333333333332,5116.999999999998,1671677374.0,1525974687.666667,0.0005111888398339653,0.00036006686898353447,1.0515984487646317e-05,8.166802132471282e-06,5226.00818106533,3584.709724124075,2544833.4853728516,87423269.17943013,0.205357569015941,0.004100406857088254,32.0,41.0
Sub-Saharan Africa,ER,Eritrea,4481.666666666667,9017.333333333334,4535.666666666667,1671677374.0,1525974687.666667,0.0002622147312220492,0.0001294861597208554,5.394182797220377e-06,2.9369207123084597e-06,4592.106147640163,3749.6842636939214,2544833.4853728516,87423269.17943013,0.18044819726062974,0.004289114670372207,33.0,42.0
Sub-Saharan Africa,GW,Guinea-Bissau,23418.0,27802.0,4384.0,1671677374.0,1525974687.666667,0.0008084534183168059,0.0006766025039069524,1.6631199555854013e-05,1.5346257175345373e-05,4556.881633739546,1960.686545806816,2544833.4853728516,87423269.17943013,0.1790640393539109,0.002242751345505788,34.0,43.0
Sub-Saharan Africa,ZM,Zambia,469367.3333333333,473696.3333333333,4329.0,1671677374.0,1525974687.666667,0.013774599666479766,0.013561154367813754,0.0002833658818985327,0.00030758526804335935,7227.775673406283,36948.0291100432,2544833.4853728516,87423269.17943013,0.2840176268879659,0.0422633807415849,35.0,36.0
Sub-Saharan Africa,BF,Burkina Faso,245753.33333333334,249643.0,3889.666666666657,1671677374.0,1525974687.666667,0.007259360359285748,0.007100406553796791,0.00014933683011013823,0.00016104679541513833,5434.276257662042,17866.813756368294,2544833.4853728516,87423269.17943013,0.21354152595433362,0.020437137531082155,36.0,40.0
Sub-Saharan Africa,YT,Mayotte,23537.0,27250.0,3713.0,1671677374.0,1525974687.666667,0.0007924018289739214,0.0006800407009333819,1.630099229900805e-05,1.5424240120253823e-05,3883.362560520731,1337.820470435116,2544833.4853728516,87423269.17943013,0.15259790406097112,0.001530279618907105,37.0,44.0
Sub-Saharan Africa,CF,Central African Republic,11160.0,14014.666666666666,2854.666666666666,1671677374.0,1525974687.666667,0.0004075320183165694,0.0003224393177727213,8.383595354366905e-06,7.313358530910169e-06,2943.044382755424,1633.1184261906026,2544833.4853728516,87423269.17943013,0.1156478174179726,0.0018680592038244892,38.0,45.0
Sub-Saharan Africa,ST,São Tomé and Príncipe,5171.333333333333,7030.0,1858.666666666667,1671677374.0,1525974687.666667,0.00020442513239217128,0.00014941229318775386,4.2053569123679486e-06,3.388872289382926e-06,1903.393933563562,1245.922828873345,2544833.4853728516,87423269.17943013,0.07479443918448321,0.0014251615623252156,39.0,47.0
Sub-Saharan Africa,SL,Sierra Leone,109742.33333333333,110504.33333333333,762.0,1671677374.0,1525974687.666667,0.003213351774050539,0.003170720707059729,6.610386373114441e-05,7.19162212979678e-05,1468.3838300876694,8868.923032102924,2544833.4853728516,87423269.17943013,0.05770058585473744,0.010144808259114724,40.0,48.0
Sub-Saharan Africa,LS,Lesotho,54168.333333333336,54885.666666666664,717.3333333333285,1671677374.0,1525974687.666667,0.0015960184459126478,0.00156505380330514,3.283269099666995e-05,3.549753070685654e-05,1068.9001328541158,4066.3571464916886,2544833.4853728516,87423269.17943013,0.04200275338240874,0.004651344184059024,41.0,50.0
Sub-Saharan Africa,SS,South Sudan,57676.333333333336,58240.666666666664,564.3333333333285,1671677374.0,1525974687.666667,0.001693578377516593,0.0016664083845548449,3.4839657204492775e-05,3.77963892844939e-05,937.8622649194716,4511.747440008587,2544833.4853728516,87423269.17943013,0.03685358080637101,0.0051608084236115,42.0,51.0
Sub-Saharan Africa,EH,Western Sahara,83.0,137.33333333333334,54.33333333333334,1671677374.0,1525974687.666667,3.993511358253891e-06,2.398070194904648e-06,8.215301317665219e-08,5.439146577648244e-08,55.21972582281736,42.363411855261916,2544833.4853728516,87423269.17943013,0.0021698757950258164,4.845782164507482e-05,43.0,53.0
Sub-Saharan Africa,TF,French Southern Territories,28.0,11.0,-17.0,1671677374.0,1525974687.666667,3.1986862820965634e-07,8.089875356304837e-07,6.5802170748289375e-09,1.8348928213753113e-08,16.92895542410735,17.958754863071437,2544833.4853728516,87423269.17943013,0.0006652284136235749,2.054230530571026e-05,44.0,54.0
Sub-Saharan Africa,SH,Saint Helena,2476.3333333333335,1380.0,-1096.3333333333335,1671677374.0,1525974687.666667,4.012897335721143e-05,7.15472428833198e-05,8.255181421149031e-07,1.622787948809189e-06,1087.3010718523556,1216.6106649075225,2544833.4853728516,87423269.17943013,0.04272582383491593,0.0013916325439746646,45.0,49.0
Sub-Saharan Africa,SC,Seychelles,71969.66666666667,70652.0,-1317.6666666666715,1671677374.0,1525974687.666667,0.0020544871200244216,0.0020793772598862157,4.226413607007401e-05,4.716308025837168e-05,856.978240178487,7475.256562210423,2544833.4853728516,87423269.17943013,0.03367521863824141,0.008550648622928963,46.0,52.0
Sub-Saharan Africa,KE,Kenya,2419066.3333333335,2405022.0,-14044.333333333489,1671677374.0,1525974687.666667,0.06993555345036764,0.06989266112607156,0.0014386878936126584,0.0015852598033800106,2362.9921031003914,223290.25164327113,2544833.4853728516,87423269.17943013,0.09285448799233251,0.25541283658128083,47.0,46.0
Sub-Saharan Africa,NA,Namibia,197288.33333333334,181736.33333333334,-15552.0,1671677374.0,1525974687.666667,0.00528470469447147,0.005700135806856384,0.00010871495670152759,0.00012928676663372603,14214.406783793993,31386.31192292277,2544833.4853728516,87423269.17943013,0.5585594053793816,0.03590155369104828,48.0,30.0
Sub-Saharan Africa,ZW,Zimbabwe,345784.3333333333,328263.6666666667,-17520.666666666628,1671677374.0,1525974687.666667,0.009545568067976233,0.00999054341724868,0.00019636783494963227,0.0002265989967776361,15080.004420539872,46118.09377076981,2544833.4853728516,87423269.17943013,0.5925733258076197,0.0527526529305552,49.0,29.0
Sub-Saharan Africa,GN,Guinea,183220.0,160382.66666666666,-22837.333333333343,1671677374.0,1525974687.666667,0.004663762143206658,0.005293667724222044,9.594116015514526e-05,0.00012006752240442305,21579.845967864854,36809.60662552838,2544833.4853728516,87423269.17943013,0.8479865614744975,0.04210504476786294,50.0,21.0
Sub-Saharan Africa,MU,Mauritius,403729.3333333333,360443.6666666667,-43285.66666666663,1671677374.0,1525974687.666667,0.010481329200320482,0.011664714229823979,0.0002156179609012682,0.0002645714483971334,40026.87436580194,74672.68566564302,2544833.4853728516,87423269.17943013,1.5728681108554916,0.08541511472464221,51.0,14.0
Sub-Saharan Africa,MZ,Mozambique,488556.6666666667,433893.6666666667,-54663.0,1671677374.0,1525974687.666667,0.01261717926777496,0.014115580492232513,0.0002595558649145578,0.0003201604001791848,50439.66324016949,92437.18991964513,2544833.4853728516,87423269.17943013,1.9820417929143765,0.1057352244857422,52.0,13.0
Sub-Saharan Africa,GH,Ghana,1367373.6666666667,1295988.0,-71385.66666666674,1671677374.0,1525974687.666667,0.03768599124874328,0.03950672331723876,0.0007752620333066732,0.0008960657589658231,57837.79492204359,184122.9011013005,2544833.4853728516,87423269.17943013,2.272753610579342,0.2106108623362061,53.0,12.0
Sub-Saharan Africa,ZA,South Africa,13570827.666666666,10937164.0,-2633663.666666666,1671677374.0,1525974687.666667,0.318041422289458,0.3920939439472376,0.006542628482091306,0.008893219380602904,720475.7989482253,3537811.6652720273,2544833.4853728516,87423269.17943013,28.311314004997314,4.046762033127493,54.0,1.0
Sub-Saharan Africa,CD,Democratic Republic of the Congo,,831487.0,,1671677374.0,1525974687.666667,0.02417878236946932,,0.0004973968140816626,,,,2544833.4853728516,87423269.17943013,,,,
Sub-Saharan Africa,TF,French Southern and Antarctic Lands,,2.0,,1671677374.0,1525974687.666667,5.8157932401755696e-08,,1.1964031045143523e-09,,,,2544833.4853728516,87423269.17943013,,,,
Sub-Saharan Africa,SH,"Saint Helena, Ascension, and Tristan da Cunha",,1217.5,,1671677374.0,1525974687.666667,3.5403641349568776e-05,,7.28310389873112e-07,,,,2544833.4853728516,87423269.17943013,,,,
Sub-Saharan Africa,CG,Republic of the Congo,,135130.0,,1671677374.0,1525974687.666667,0.0039294407027246235,,8.083497575651222e-05,,,,2544833.4853728516,87423269.17943013,,,,
Sub-Saharan Africa,CV,Cape Verde,,68587.5,,1671677374.0,1525974687.666667,0.0019944535943027092,,4.102914896543907e-05,,,,2544833.4853728516,87423269.17943013,,,,
UNCLASSED,AQ,Antarctica,43.333333333333336,86.33333333333333,42.99999999999999,1671677374.0,1525974687.666667,1.0,1.0,5.16447340115362e-08,2.8397150806998866e-08,42.99999999999999,35.47522029142988,42.99999999999999,87423269.17943013,100.0,4.057869332090462e-05,1.0,1.0
