month	active_editors	mobile_edits	net_new_Commons_content_pages	net_new_Wikidata_entities	net_new_Wikipedia_articles	net_new_content_pages	new_active_editors	new_editor_retention	returning_active_editors
2001-01-01	6.0	0.0	0.0	0.0	31.0	10696.0	6.0		0.0
2001-02-01	9.0	0.0	0.0	0.0	133.0	434.0	4.0		5.0
2001-03-01	19.0	0.0	0.0	0.0	437.0	1309.0	12.0	0.5	7.0
2001-04-01	18.0	0.0	0.0	0.0	562.0	1604.0	5.0	0.6	13.0
2001-05-01	21.0	0.0	0.0	0.0	1243.0	3796.0	6.0	0.5384615385	15.0
2001-06-01	24.0	0.0	0.0	0.0	582.0	1359.0	2.0	0.2727272727	22.0
2001-07-01	43.0	0.0	0.0	0.0	1099.0	2460.0	21.0	0.6153846154	22.0
2001-08-01	53.0	0.0	0.0	0.0	1651.0	4129.0	15.0	0.0	38.0
2001-09-01	87.0	0.0	0.0	0.0	3018.0	7308.0	36.0	0.5	51.0
2001-10-01	103.0	0.0	0.0	0.0	4583.0	11081.0	26.0	0.5	77.0
2001-11-01	137.0	0.0	0.0	0.0	3295.0	8020.0	42.0	0.5254237288	95.0
2001-12-01	146.0	0.0	0.0	0.0	2222.0	4755.0	49.0	0.5348837209	97.0
2002-01-01	145.0	0.0	0.0	0.0	2552.0	2572.0	31.0	0.4487179487	114.0
2002-02-01	176.0	0.0	0.0	0.0	8821.0	8897.0	57.0	0.4242424242	119.0
2002-03-01	201.0	0.0	0.0	0.0	4463.0	4486.0	56.0	0.4698795181	145.0
2002-04-01	177.0	0.0	0.0	0.0	3884.0	3921.0	34.0	0.2777777778	143.0
2002-05-01	162.0	0.0	0.0	0.0	4864.0	4880.0	31.0	0.2173913043	131.0
2002-06-01	191.0	0.0	0.0	0.0	4772.0	4817.0	50.0	0.2452830189	141.0
2002-07-01	221.0	0.0	0.0	0.0	5532.0	5560.0	69.0	0.275862069	152.0
2002-08-01	310.0	0.0	0.0	0.0	7671.0	7718.0	111.0	0.2702702703	199.0
2002-09-01	405.0	0.0	0.0	0.0	13060.0	13097.0	153.0	0.2654320988	252.0
2002-10-01	448.0	0.0	0.0	0.0	40836.0	40894.0	169.0	0.2816326531	279.0
2002-11-01	478.0	0.0	0.0	0.0	10099.0	10154.0	162.0	0.2398843931	316.0
2002-12-01	544.0	0.0	0.0	0.0	10418.0	11234.0	184.0	0.269047619	360.0
2003-01-01	808.0	0.0	1.0	0.0	12607.0	12915.0	358.0	0.2304147465	450.0
2003-02-01	885.0	0.0	0.0	0.0	17918.0	18550.0	327.0	0.2376599634	558.0
2003-03-01	762.0	0.0	0.0	0.0	16521.0	16952.0	207.0	0.2001915709	555.0
2003-04-01	803.0	0.0	0.0	0.0	14672.0	15354.0	241.0	0.2358024691	562.0
2003-05-01	1135.0	0.0	0.0	0.0	17879.0	19567.0	430.0	0.2471910112	705.0
2003-06-01	1265.0	0.0	0.0	0.0	16173.0	17132.0	414.0	0.2504038772	851.0
2003-07-01	1507.0	0.0	0.0	0.0	20806.0	22736.0	584.0	0.2332746479	923.0
2003-08-01	1799.0	0.0	0.0	0.0	22032.0	23400.0	699.0	0.2193375112	1100.0
2003-09-01	1828.0	0.0	0.0	0.0	24300.0	29409.0	644.0	0.2142429683	1184.0
2003-10-01	2006.0	0.0	0.0	0.0	26658.0	36074.0	693.0	0.2050168837	1313.0
2003-11-01	2401.0	0.0	0.0	0.0	33654.0	44166.0	888.0	0.2	1513.0
2003-12-01	2688.0	0.0	0.0	0.0	36073.0	37905.0	874.0	0.2172191984	1814.0
2004-01-01	3038.0	0.0	0.0	0.0	42724.0	45097.0	1061.0	0.2303370787	1977.0
2004-02-01	4217.0	0.0	0.0	0.0	53570.0	55988.0	1789.0	0.2598607889	2428.0
2004-03-01	6653.0	0.0	0.0	0.0	75079.0	78321.0	3228.0	0.2444234998	3425.0
2004-04-01	6171.0	0.0	1.0	0.0	60891.0	69408.0	2120.0	0.2609241062	4051.0
2004-05-01	6668.0	0.0	0.0	0.0	63232.0	69741.0	2194.0	0.2204597701	4474.0
2004-06-01	7124.0	0.0	1.0	0.0	61358.0	66234.0	2215.0	0.2196557971	4909.0
2004-07-01	8285.0	0.0	0.0	0.0	79699.0	95070.0	2752.0	0.226590106	5533.0
2004-08-01	8527.0	0.0	1.0	0.0	74072.0	82949.0	2605.0	0.201910321	5922.0
2004-09-01	9765.0	0.0	1109.0	0.0	88062.0	101535.0	3056.0	0.2390022118	6709.0
2004-10-01	10932.0	0.0	6859.0	0.0	83754.0	107034.0	3453.0	0.2273007269	7479.0
2004-11-01	12498.0	0.0	5785.0	0.0	94551.0	124095.0	4084.0	0.2290354331	8414.0
2004-12-01	13169.0	0.0	8523.0	0.0	88144.0	116420.0	3868.0	0.2156811443	9301.0
2005-01-01	13654.0	0.0	9768.0	0.0	88202.0	119814.0	4091.0	0.2079157589	9563.0
2005-02-01	13712.0	0.0	10187.0	0.0	83765.0	116336.0	3820.0	0.1979279867	9892.0
2005-03-01	16032.0	0.0	14842.0	0.0	101032.0	140669.0	4808.0	0.1975738891	11224.0
2005-04-01	19135.0	0.0	18108.0	0.0	113300.0	182898.0	5890.0	0.2009994448	13245.0
2005-05-01	20749.0	0.0	31791.0	0.0	133908.0	197308.0	6166.0	0.2114798413	14583.0
2005-06-01	22610.0	0.0	21331.0	0.0	133598.0	193493.0	6794.0	0.1930542778	15816.0
2005-07-01	26469.0	0.0	22934.0	0.0	149616.0	211952.0	8574.0	0.1987227337	17895.0
2005-08-01	29796.0	0.0	33556.0	0.0	174909.0	259707.0	9762.0	0.1987227337	20034.0
2005-09-01	27232.0	0.0	31323.0	0.0	218718.0	286228.0	7250.0	0.195332931	19982.0
2005-10-01	30862.0	0.0	34415.0	0.0	175738.0	254675.0	9087.0	0.1689996486	21775.0
2005-11-01	31268.0	0.0	24475.0	0.0	160053.0	226175.0	9087.0	0.1695937793	22181.0
2005-12-01	43424.0	0.0	31590.0	0.0	189857.0	329486.0	16196.0	0.163712115	27228.0
2006-01-01	51237.0	0.0	38791.0	0.0	270476.0	404200.0	18328.0	0.1716244076	32909.0
2006-02-01	52557.0	0.0	39769.0	0.0	191659.0	321850.0	17655.0	0.1757434913	34902.0
2006-03-01	60900.0	0.0	45577.0	0.0	220856.0	336793.0	21032.0	0.1551544376	39868.0
2006-04-01	63010.0	0.0	49793.0	0.0	210088.0	335671.0	20709.0	0.1424373863	42301.0
2006-05-01	70623.0	0.0	52689.0	0.0	222199.0	405757.0	23424.0	0.1318869097	47199.0
2006-06-01	71595.0	0.0	54939.0	0.0	228820.0	400864.0	22259.0	0.1235993884	49336.0
2006-07-01	75606.0	0.0	62637.0	0.0	233722.0	435260.0	23854.0	0.1131743877	51752.0
2006-08-01	83449.0	0.0	82646.0	0.0	280102.0	456497.0	26697.0	0.1208896435	56752.0
2006-09-01	82228.0	0.0	67812.0	0.0	244343.0	562360.0	24582.0	0.1230558011	57646.0
2006-10-01	86107.0	0.0	62834.0	0.0	229498.0	505171.0	26136.0	0.1145455884	59971.0
2006-11-01	91801.0	0.0	59457.0	0.0	242340.0	426598.0	28570.0	0.1123110873	63231.0
2006-12-01	92981.0	0.0	54082.0	0.0	270171.0	432627.0	27127.0	0.1033250019	65854.0
2007-01-01	102999.0	0.0	68629.0	0.0	280007.0	504075.0	31547.0	0.09579491168	71452.0
2007-02-01	101230.0	0.0	65811.0	0.0	262757.0	486325.0	30333.0	0.1037176804	70897.0
2007-03-01	107727.0	0.0	98651.0	0.0	276969.0	493175.0	32389.0	0.1019919451	75338.0
2007-04-01	105947.0	0.0	115906.0	0.0	256909.0	473710.0	30668.0	0.09556927405	75279.0
2007-05-01	106300.0	0.0	95470.0	0.0	245149.0	455565.0	30470.0	0.09098000798	75830.0
2007-06-01	97305.0	0.0	93895.0	0.0	277185.0	547297.0	25920.0	0.08382181658	71385.0
2007-07-01	97725.0	0.0	112988.0	0.0	265800.0	547375.0	26478.0	0.07972698693	71247.0
2007-08-01	96899.0	0.0	120602.0	0.0	301676.0	579722.0	25688.0	0.08129734018	71211.0
2007-09-01	95965.0	0.0	128393.0	0.0	318199.0	604820.0	25967.0	0.08502505216	69998.0
2007-10-01	99521.0	0.0	111652.0	0.0	267391.0	523357.0	27676.0	0.0853900437299999	71845.0
2007-11-01	94379.0	0.0	118261.0	0.0	213642.0	527330.0	25025.0	0.0801746322899999	69354.0
2007-12-01	90897.0	0.0	95885.0	0.0	232320.0	498736.0	22865.0	0.07424853325	68032.0
2008-01-01	100063.0	0.0	113170.0	0.0	253367.0	523518.0	27755.0	0.0707933271	72308.0
2008-02-01	98934.0	0.0	99121.0	0.0	241503.0	544202.0	26995.0	0.07873828441	71939.0
2008-03-01	103304.0	0.0	111723.0	0.0	246039.0	636002.0	28217.0	0.08204980379	75087.0
2008-04-01	100468.0	0.0	100691.0	0.0	227002.0	455641.0	27128.0	0.07665740722	73340.0
2008-05-01	100615.0	0.0	114305.0	0.0	228449.0	497219.0	26349.0	0.07788494749	74266.0
2008-06-01	93587.0	0.0	96867.0	0.0	231094.0	520682.0	23234.0	0.07302806579	70353.0
2008-07-01	94622.0	0.0	113954.0	0.0	230882.0	659169.0	23738.0	0.07126428771	70884.0
2008-08-01	93571.0	0.0	114885.0	0.0	258367.0	563015.0	23009.0	0.06908102694	70562.0
2008-09-01	91611.0	0.0	131451.0	0.0	199698.0	530560.0	23077.0	0.0735951509	68534.0
2008-10-01	95135.0	0.0	110326.0	0.0	220592.0	694838.0	25350.0	0.07016685506	69785.0
2008-11-01	92167.0	0.0	116076.0	0.0	209380.0	588860.0	23241.0	0.06960988869	68926.0
2008-12-01	90369.0	0.0	191979.0	0.0	209401.0	565175.0	22123.0	0.07240574637	68246.0
2009-01-01	97636.0	0.0	122454.0	0.0	232240.0	493658.0	25120.0	0.06224780719	72516.0
2009-02-01	92992.0	0.0	124252.0	0.0	220596.0	537769.0	23294.0	0.0684275047399999	69698.0
2009-03-01	98013.0	0.0	210226.0	0.0	230416.0	670695.0	25048.0	0.07226022575	72965.0
2009-04-01	92487.0	0.0	178278.0	0.0	223853.0	724723.0	22428.0	0.0668316054	70059.0
2009-05-01	95221.0	0.0	136574.0	0.0	219699.0	641899.0	23356.0	0.06649420332	71865.0
2009-06-01	93980.0	0.0	151085.0	0.0	200466.0	665038.0	23004.0	0.06704927894	70976.0
2009-07-01	93609.0	0.0	156896.0	0.0	222629.0	529932.0	23189.0	0.06216935407	70420.0
2009-08-01	92927.0	0.0	158596.0	0.0	236027.0	576590.0	21932.0	0.06410555815	70995.0
2009-09-01	90237.0	0.0	124999.0	0.0	212981.0	505672.0	21310.0	0.06846006917	68927.0
2009-10-01	92963.0	0.0	262844.0	0.0	229307.0	766473.0	23063.0	0.06718826238	69900.0
2009-11-01	92401.0	0.0	169184.0	0.0	208757.0	655375.0	22470.0	0.06946879308	69931.0
2009-12-01	90003.0	0.0	133393.0	0.0	224894.0	636511.0	20861.0	0.06462627557	69142.0
2010-01-01	96350.0	0.0	349296.0	0.0	228134.0	731299.0	23803.0	0.05764672192	72547.0
2010-02-01	91163.0	0.0	147064.0	0.0	202201.0	545966.0	21951.0	0.06139853181	69212.0
2010-03-01	96231.0	0.0	164996.0	0.0	228505.0	725886.0	24182.0	0.0643699551399999	72049.0
2010-04-01	92282.0	0.0	196401.0	0.0	251950.0	716540.0	21854.0	0.05968514716	70428.0
2010-05-01	93684.0	0.0	188707.0	0.0	254567.0	602736.0	22102.0	0.0598125379299999	71582.0
2010-06-01	87563.0	0.0	156927.0	0.0	212325.0	532304.0	19615.0	0.05936935525	67948.0
2010-07-01	85087.0	0.0	188569.0	0.0	217680.0	672683.0	18745.0	0.05526472732	66342.0
2010-08-01	86513.0	0.0	188485.0	0.0	285641.0	776858.0	19286.0	0.0564993589299999	67227.0
2010-09-01	83742.0	0.0	189492.0	0.0	221741.0	720559.0	18449.0	0.0599590729899999	65293.0
2010-10-01	85359.0	0.0	183201.0	0.0	234926.0	1012727.0	19429.0	0.06081523705	65930.0
2010-11-01	85010.0	0.0	150804.0	0.0	240666.0	1226279.0	19641.0	0.06889799679	65369.0
2010-12-01	83662.0	0.0	219984.0	0.0	261160.0	777816.0	18583.0	0.05947250157	65079.0
2011-01-01	93349.0	0.0	217786.0	0.0	269089.0	833470.0	22746.0	0.0542866843499999	70603.0
2011-02-01	88358.0	0.0	1151532.0	0.0	225297.0	1741725.0	20748.0	0.06202590792	67610.0
2011-03-01	91544.0	0.0	508436.0	0.0	234849.0	1025160.0	22150.0	0.06746297415	69394.0
2011-04-01	87451.0	0.0	182092.0	0.0	269108.0	744070.0	20174.0	0.05922881566	67277.0
2011-05-01	88244.0	0.0	171721.0	0.0	240639.0	679184.0	20244.0	0.0611997356	68000.0
2011-06-01	86433.0	0.0	187386.0	0.0	272086.0	729004.0	19816.0	0.05948532264	66617.0
2011-07-01	85806.0	0.0	184061.0	0.0	318789.0	888573.0	19137.0	0.05483063972	66669.0
2011-08-01	86273.0	0.0	211461.0	0.0	221663.0	833427.0	18906.0	0.05495175827	67367.0
2011-09-01	86288.0	0.0	393411.0	0.0	199457.0	816885.0	20354.0	0.05679991614	65934.0
2011-10-01	85314.0	0.0	246487.0	0.0	356306.0	926629.0	19251.0	0.0585859101299999	66063.0
2011-11-01	84865.0	0.0	206477.0	0.0	258454.0	790370.0	19264.0	0.06369073903	65601.0
2011-12-01	84072.0	0.0	193454.0	0.0	446675.0	1139139.0	18141.0	0.05923658624	65931.0
2012-01-01	89084.0	0.0	211205.0	0.0	254930.0	950324.0	20763.0	0.0509026019799999	68321.0
2012-02-01	85804.0	0.0	164765.0	0.0	210286.0	797799.0	19560.0	0.05550037705	66244.0
2012-03-01	85896.0	0.0	219823.0	0.0	275806.0	801407.0	19230.0	0.06180298547	66666.0
2012-04-01	84295.0	0.0	196776.0	0.0	218420.0	574219.0	18005.0	0.0604060217399999	66290.0
2012-05-01	86387.0	0.0	236117.0	0.0	239955.0	643543.0	18357.0	0.06944883827	68030.0
2012-06-01	83252.0	0.0	224818.0	0.0	221239.0	731964.0	17526.0	0.06600748758	65726.0
2012-07-01	84841.0	0.0	226426.0	0.0	310462.0	841903.0	17999.0	0.06286576445	66842.0
2012-08-01	83386.0	0.0	232557.0	0.0	288098.0	804049.0	17003.0	0.06549850556	66383.0
2012-09-01	86215.0	0.0	628614.0	0.0	298171.0	1348861.0	21115.0	0.06992112996	65100.0
2012-10-01	83876.0	1.0	461836.0	4393.0	374012.0	1243412.0	17771.0	0.06996030547	66105.0
2012-11-01	83562.0	122.0	262107.0	209173.0	244006.0	1110288.0	17534.0	0.07132344925	66028.0
2012-12-01	82183.0	182.0	364918.0	1801148.0	255857.0	2618864.0	16174.0	0.07240641812	66009.0
2013-01-01	88852.0	1199.0	660978.0	1577241.0	499974.0	3047647.0	19027.0	0.06252948169	69825.0
2013-02-01	81825.0	1986.0	329243.0	1453555.0	622157.0	2605207.0	16690.0	0.06862110324	65135.0
2013-03-01	86147.0	4316.0	265200.0	3061030.0	793553.0	4293422.0	18285.0	0.07205747758	67862.0
2013-04-01	86452.0	2885.0	258997.0	2426356.0	463071.0	3382540.0	18934.0	0.06882828283	67518.0
2013-05-01	87046.0	6218.0	355878.0	866316.0	225572.0	1706282.0	19259.0	0.06734976461	67787.0
2013-06-01	80853.0	738.0	341421.0	144306.0	742778.0	1506070.0	16510.0	0.05740295626	64343.0
2013-07-01	80591.0	8519.0	334335.0	772673.0	662382.0	1971738.0	17247.0	0.05288779658	63344.0
2013-08-01	79896.0	43388.0	312908.0	339195.0	925873.0	2071813.0	17008.0	0.0534415068899999	62888.0
2013-09-01	80057.0	51687.0	643244.0	234500.0	742838.0	1953990.0	19459.0	0.0562994960399999	60598.0
2013-10-01	79356.0	57535.0	319361.0	82205.0	336599.0	1075449.0	18067.0	0.05534929498	61289.0
2013-11-01	78111.0	57294.0	403734.0	113422.0	187935.0	1130427.0	17537.0	0.05921374585	60574.0
2013-12-01	78608.0	67745.0	269642.0	204408.0	217391.0	1023946.0	17376.0	0.05823888089	61232.0
2014-01-01	84876.0	84514.0	261039.0	178415.0	206087.0	871504.0	20101.0	0.05258795701	64775.0
2014-02-01	78641.0	76626.0	270805.0	123482.0	240517.0	976048.0	17572.0	0.05403628206	61069.0
2014-03-01	82114.0	89413.0	320652.0	117770.0	227143.0	2066429.0	18938.0	0.06172305605	63176.0
2014-04-01	79927.0	89198.0	336856.0	576587.0	238222.0	1449478.0	18423.0	0.05541732208	61504.0
2014-05-01	85062.0	112289.0	391903.0	249039.0	259759.0	1120589.0	21585.0	0.0545236460399999	63477.0
2014-06-01	78891.0	148578.0	312056.0	207192.0	552877.0	1338093.0	18573.0	0.05376741336	60318.0
2014-07-01	80857.0	229722.0	490591.0	127492.0	459956.0	1442994.0	19557.0	0.04738154613	61300.0
2014-08-01	80979.0	261600.0	447860.0	250433.0	394096.0	1252287.0	19267.0	0.05281990771	61712.0
2014-09-01	79812.0	207046.0	545761.0	307597.0	405863.0	1517651.0	19931.0	0.0547249368399999	59881.0
2014-10-01	81276.0	218966.0	487400.0	181748.0	304117.0	1227019.0	20535.0	0.0536871659899999	60741.0
2014-11-01	79532.0	230290.0	328428.0	161836.0	224915.0	1012854.0	19341.0	0.06004164136	60191.0
2014-12-01	80058.0	276869.0	323636.0	90991.0	202239.0	818821.0	18661.0	0.05566042422	61397.0
2015-01-01	86221.0	331830.0	302466.0	190440.0	218135.0	1028766.0	21416.0	0.04955247114	64805.0
2015-02-01	82256.0	312625.0	310898.0	415684.0	179702.0	1113156.0	19897.0	0.05412151246	62359.0
2015-03-01	88379.0	327864.0	385789.0	303890.0	314314.0	1162672.0	22238.0	0.0602575413	66141.0
2015-04-01	82838.0	450604.0	358830.0	97218.0	201926.0	820398.0	19117.0	0.05299988621	63721.0
2015-05-01	86952.0	505771.0	501268.0	150103.0	194907.0	1160027.0	22144.0	0.0544227080899999	64808.0
2015-06-01	82183.0	553031.0	412650.0	549107.0	233073.0	1379455.0	19500.0	0.05398356425	62683.0
2015-07-01	80537.0	633506.0	485869.0	91070.0	219056.0	1064754.0	18070.0	0.04941931402	62467.0
2015-08-01	79247.0	657796.0	571013.0	110590.0	231499.0	1146080.0	16848.0	0.05369789075	62399.0
2015-09-01	79702.0	613093.0	823670.0	111911.0	239586.0	1681911.0	17668.0	0.05630587988	62034.0
2015-10-01	80400.0	585356.0	549401.0	225895.0	252621.0	1265717.0	17485.0	0.06543033761	62915.0
2015-11-01	81191.0	612597.0	419041.0	277703.0	560352.0	1451929.0	17934.0	0.06566605984	63257.0
2015-12-01	79427.0	614775.0	415941.0	273478.0	690375.0	1600579.0	16842.0	0.0594878942899999	62585.0
2016-01-01	85747.0	727213.0	444628.0	396491.0	848476.0	2041690.0	19315.0	0.04959064999	66432.0
2016-02-01	81492.0	658698.0	333242.0	573530.0	332337.0	1860399.0	18153.0	0.0528984141	63339.0
2016-03-01	85258.0	695658.0	444262.0	673701.0	293685.0	2322306.0	19270.0	0.06274028193	65988.0
2016-04-01	82275.0	660965.0	378707.0	247102.0	364754.0	1513335.0	17696.0	0.06078844965	64579.0
2016-05-01	86168.0	670684.0	490452.0	272508.0	589558.0	1832548.0	19882.0	0.0603481658799999	66286.0
2016-06-01	83382.0	659680.0	469134.0	843993.0	490724.0	2042301.0	20117.0	0.0535915375999999	63265.0
2016-07-01	78220.0	730018.0	423845.0	898143.0	249806.0	1876926.0	15885.0	0.04802845301	62335.0
2016-08-01	78567.0	768062.0	411140.0	486437.0	336099.0	1505517.0	16118.0	0.04718922553	62449.0
2016-09-01	80932.0	696802.0	734203.0	251176.0	546749.0	1817034.0	18816.0	0.05258324547	62116.0
2016-10-01	79262.0	765096.0	517717.0	429577.0	436985.0	1732793.0	16837.0	0.06210185881	62425.0
2016-11-01	79775.0	770949.0	772055.0	245128.0	533010.0	1797536.0	16819.0	0.06565945051	62956.0
2016-12-01	80861.0	810648.0	770586.0	144755.0	430578.0	1555799.0	16389.0	0.07094456922	64472.0
2017-01-01	85461.0	900732.0	793270.0	436983.0	412831.0	1899491.0	18232.0	0.05110780641	67229.0
2017-02-01	80467.0	813061.0	793644.0	206788.0	387343.0	1627275.0	16529.0	0.05387700126	63938.0
2017-03-01	87376.0	929213.0	674367.0	183115.0	308826.0	1386866.0	19413.0	0.07122725007	67963.0
2017-04-01	82599.0	851164.0	595207.0	537677.0	382293.0	1724616.0	16697.0	0.06016094238	65902.0
2017-05-01	85955.0	854016.0	833390.0	406552.0	424211.0	1977121.0	19307.0	0.06006418703	66648.0
2017-06-01	81603.0	855413.0	868011.0	1049593.0	433003.0	2736800.0	18573.0	0.05419151817	63030.0
2017-07-01	80102.0	934109.0	668452.0	2655035.0	329845.0	4035895.0	16012.0	0.0499838423699999	64090.0
2017-08-01	79304.0	1007777.0	456573.0	3874032.0	406120.0	5097291.0	15149.0	0.05004758279	64155.0
2017-09-01	79634.0	923963.0	719268.0	3143746.0	392927.0	4448320.0	16680.0	0.05385643195	62954.0
2017-10-01	81031.0	999360.0	571720.0	941342.0	185950.0	1886914.0	16268.0	0.05863549568	64763.0
2017-11-01	82572.0	989250.0	495358.0	1671454.0	172360.0	2569773.0	16591.0	0.0684986727	65981.0
2017-12-01	79466.0	1022891.0	490862.0	2685171.0	193047.0	3623336.0	14235.0	0.07421067894	65231.0
2018-01-01	84392.0	1154282.0	635998.0	438827.0	409081.0	1753987.0	16513.0	0.0540366823	67879.0
2018-02-01	78876.0	1012879.0	689572.0	2640667.0	162580.0	3725933.0	14799.0	0.05236555619	64077.0
2018-03-01	85900.0	1121672.0	749171.0	819608.0	202875.0	2040839.0	17265.0	0.07736210227	68635.0
2018-04-01	83390.0	1107334.0	585931.0	1139948.0	172568.0	2147134.0	15758.0	0.06691532433	67632.0
2018-05-01	85028.0	1166548.0	687156.0	1465332.0	177393.0	3118353.0	17376.0	0.06406608942	67652.0
2018-06-01	78533.0	1128439.0	569621.0	577595.0	177203.0	1638254.0	14885.0	0.05734102721	63648.0
2018-07-01	77987.0	1172888.0	631394.0	458593.0	221459.0	1809947.0	13889.0	0.04712289841	64098.0
2018-08-01	78801.0	1229154.0	763082.0	520235.0	221579.0	1818411.0	13825.0	0.05151271642	64976.0
2018-09-01	82335.0	1171470.0	800330.0	377222.0	185644.0	1635067.0	17832.0	0.05681353535	64503.0
2018-10-01	82416.0	1231538.0	549132.0	1147804.0	191087.0	2101982.0	16325.0	0.06641142535	66091.0
2018-11-01	82243.0	1228949.0	549451.0	1272149.0	192340.0	2268787.0	15343.0	0.06874217022	66900.0
2018-12-01	80805.0	1260737.0	512338.0	947571.0	186233.0	2128146.0	14529.0	0.0720737375899999	66276.0
2019-01-01	86793.0	1416777.0	542425.0	951976.0	200366.0	1938938.0	16982.0	0.0542318521	69811.0
2019-02-01	82565.0	1254935.0	494725.0	574002.0	195100.0	1455387.0	16170.0	0.05465256798	66395.0
2019-03-01	87722.0	1379133.0	510723.0	643675.0	216257.0	1587804.0	17547.0	0.07326751587	70175.0
2019-04-01	84374.0	1356454.0	584061.0	717420.0	268254.0	1782113.0	15334.0	0.06862974361	69040.0
2019-05-01	90225.0	1493057.0	667467.0	774361.0	189506.0	1978179.0	19075.0	0.06760472121	71150.0
2019-06-01	83557.0	1461766.0	494847.0	639526.0	213853.0	1806274.0	16863.0	0.0609317580099999	66694.0
2019-07-01	82597.0	1495166.0	652506.0	1063793.0	230322.0	2215023.0	15286.0	0.04929564463	67311.0
2019-08-01	82374.0	1567696.0	494591.0	854189.0	212086.0	1931846.0	14879.0	0.05169167033	67495.0
2019-09-01	83171.0	1499908.0	684758.0	2471829.0	243332.0	3617096.0	16645.0	0.0580120651299999	66526.0
2019-10-01	85101.0	1598195.0	531622.0	3675689.0	181524.0	4711988.0	16542.0	0.06331182524	68559.0
2019-11-01	85859.0	1538302.0	632849.0	3625578.0	211501.0	4651272.0	16570.0	0.07660344992	69289.0
2019-12-01	85250.0	1621995.0	670121.0	3481249.0	195211.0	4737543.0	15601.0	0.06946578524	69649.0
2020-01-01	90242.0	1745927.0	633007.0	3520037.0	252889.0	4818313.0	18139.0	0.0538071626399999	72103.0
2020-02-01	88239.0	1616956.0	805704.0	2516834.0	255138.0	3782792.0	17826.0	0.05411050125	70413.0
2020-03-01	90459.0	1678852.0	933836.0	2368419.0	468599.0	4041475.0	18041.0	0.07141265788	72418.0
2020-04-01	96008.0	1741987.0	505900.0	3418000.0	491300.0	4720000.0	20363.0	0.0632409999999999	75645.0
2020-05-01	104520.0	1924709.0	878203.0	2929482.0	396374.0	4512879.0	24528.0	0.0692645308029923	79992.0
2020-06-01	96027.0	1791421.0	649618.0	511455.0	487908.0	1922896.0	21074.0	0.0671967800520296	74953.0
2020-07-01	87698.0	1740901.0	743741.0	913741.0	387281.0	2282643.0	18443.0	0.0552301514225361	69255.0
2020-08-01	89207.0	1864517.0	713050.0	727136.0	287222.0	2027384.0	17542.0	0.0554192754226406	71665.0
2020-09-01	89416.0	1750969.0	664565.0	647460.0	223916.0	1898219.0	17999.0	0.0607810073642192	71417.0
2020-10-01	90954.0	1804825.0	816318.0	859940.0	380768.0	2309596.0	19163.0	0.0746773956135616	71791.0
2020-11-01	91790.0	1761761.0	1232866.0	694923.0	290665.0	2581998.0	18373.0	0.0767160678930473	73417.0
2020-12-01	94111.0	1861378.0	885632.0	780916.0	344251.0	2351553.0	18439.0	0.076012650856083	75672.0
2021-01-01	100217.0	2077422.0	829722.0	496093.0	253704.0	1903989.0	21147.0	0.0618456069912425	79070.0
2021-02-01	94106.0	1870956.0	890706.0	497480.0	284744.0	2190708.0	18505.0	0.0648185100281214	75601.0
2021-03-01	100355.0	2002852.0	1924506.0	500124.0	332045.0	3144609.0	20465.0	0.0739641835329024	79890.0
2021-04-01	97136.0	1892286.0	1714523.0	327406.0	319102.0	2590341.0	18647.0	0.0733912775677109	78489.0
2021-05-01	98744.0	2050899.0	1218483.0	321578.0	241237.0	2227436.0	19653.0	0.073750787492954	79091.0
2021-06-01	91683.0	1899060.0	750711.0	349563.0	325849.0	1739466.0	17528.0	0.0660238419429238	74155.0
2021-07-01	89323.0	2006736.0	694958.0	341418.0	260784.0	2252121.0	16208.0	0.0591658583899127	73115.0
2021-08-01	90325.0	2083814.0	1258907.0	582256.0	247061.0	2331908.0	16123.0	0.0603664736765652	74202.0
2021-09-01	88935.0	1946403.0	808814.0	358116.0	239849.0	1684130.0	16848.0	0.062775914823471	72087.0
2021-10-01	90054.0	1925799.0	1348981.0	496937.0	303617.0	2414980.0	16921.0	0.072902825759589	73133.0
2021-11-01	90005.0	1821699.0	543471.0	420731.0	288246.0	1460354.0	16410.0	0.0807964893266605	73595.0
2021-12-01	89366.0	1893692.0	696066.0	446094.0	281101.0	1653680.0	15866.0	0.0728598761495258	73500.0
2022-01-01	94411.0	2097066.0	703587.0	378116.0	331589.0	1670762.0	17601.0	0.062471589735113	76810.0
2022-02-01	88297.0	1878139.0	569124.0	224029.0	218825.0	1248681.0	16016.0	0.0630085611277918	72281.0
2022-03-01	91790.0	1991180.0	678076.0	356670.0	208310.0	1594924.0	17607.0	0.0775315224159402	74183.0
2022-04-01	90156.0	1946059.0	804792.0	292648.0	174503.0	1506241.0	16681.0	0.0744556211144066	73475.0
2022-05-01	92992.0	2057403.0	668816.0	368222.0	183762.0	1461818.0	17945.0	0.0705344684637317	75047.0
2022-06-01	88304.0	1952873.0	1165125.0	568742.0	205883.0	2154558.0	16476.0	0.0677793405911864	71828.0
2022-07-01	88209.0	2068745.0	1114553.0	458658.0	210028.0	2082123.0	15746.0	0.0620120527715945	72463.0
2022-08-01	88055.0	2114433.0	975000.0	252106.0	202819.0	1687531.0	15650.0	0.0602537998958284	72405.0
2022-09-01	87031.0	1993376.0	842819.0	590325.0	331966.0	2018256.0	15830.0	0.0650892767579496	71201.0
2022-10-01	89943.0	2106116.0	919737.0	575671.0	202817.0	1950071.0	16963.0	0.0743462676513748	72980.0
2022-11-01	88470.0	1986573.0	1004268.0	460797.0	205291.0	1925293.0	16012.0	0.0798629951166576	72458.0
2022-12-01	88845.0	2028754.0	785030.0	518401.0	229919.0	1733876.0	15706.0	0.0702429407275502	73139.0
2023-01-01	94010.0	2183828.0	763067.0	668528.0	198062.0	1997150.0	17906.0	0.0613861165567635	76104.0
2023-02-01	87939.0	1873950.0	601988.0	385735.0	218166.0	1444956.0	16298.0	0.0608531115679312	71641.0
2023-03-01	93519.0	2077931.0	802669.0	416195.0	217410.0	1736767.0	18140.0	0.0814471151473273	75379.0
2023-04-01	91012.0	2036253.0	796965.0	480902.0	216111.0	1841465.0	16803.0	0.0701664986540527	74209.0
2023-05-01	91722.0	2130238.0	806293.0	779698.0	202301.0	3211236.0	16775.0	0.0672782567674719	74947.0
2023-06-01	87969.0	2092098.0	950689.0	1139939.0	160329.0	2882786.0	16008.0	0.0614693976594641	71961.0
2023-07-01	87897.0	2234879.0	1305360.0	903759.0	157392.0	2729635.0	15504.0	0.0583085508069636	72393.0
2023-08-01	88070.0	2298911.0	1090121.0	962798.0	164588.0	2872486.0	14927.0	0.0579881512543579	73143.0
2023-09-01	86544.0	2310999.0	1352462.0	639425.0	152424.0	2767806.0	15168.0	0.0597523729866048	71376.0
2023-10-01	87430.0	2206402.0	1290332.0	353332.0	279120.0	2459079.0	15211.0	0.0739399631721393	72219.0
2023-11-01	87719.0	2055075.0	1344681.0	272586.0	295060.0	2551394.0	14898.0	0.0806679097341748	72821.0
2023-12-01	87017.0	2133742.0	1330409.0	437704.0	296405.0	2682582.0	14200.0	0.0727423479814553	72817.0
2024-01-01	91329.0	2268178.0	1221484.0	317225.0	169848.0	2117679.0	15524.0	0.0582397366382649	75805.0
2024-02-01	87553.0	1993665.0	821603.0	284262.0	165848.0	1618670.0	14747.0	0.0630186618358131	72806.0
